Team,Year,Season,Golddiff,Side,Count,TopGold,JglGold,MidGold,BotGold,SuppGold
C9,2017,Summer,"[0.0, -0.13, 31.32, 64.28, 39.81, 123.66, 121.49, 49.85, 62.19, -22.77, 45.98, 107.04, 16.17, 7.72, 214.42, 96.02, 164.11, 147.98, 364.4, 218.96, 177.11, 405.68, 397.21, 546.67, 606.86, 764.85, 1036.06, 548.51, 381.26, -181.39, 154.63, 209.06, 776.59, 2068.1, 1932.54, 3050.54, 1604.5, 559.84, 36.57, 3537.3, 3115.44, 1800.25, 1515.0, -1516.8, -939.0, -782.2, -714.6, -820.0, -513.6, 575.2, -1359.5, -2999.67, -1125.0, -708.0, 1689.0, 2206.0, 2482.0, 2538.0, 3179.0, 633.0, -827.0, -1822.0]",Both,"[53, 53, 53, 53, 53, 53, 53, 53, 53, 53, 53, 53, 53, 53, 53, 53, 53, 53, 53, 53, 53, 53, 52, 52, 49, 48, 48, 47, 46, 44, 41, 36, 32, 30, 26, 24, 20, 19, 14, 10, 9, 8, 6, 5, 5, 5, 5, 5, 5, 5, 4, 3, 2, 2, 1, 1, 1, 1, 1, 1, 1, 1]","[500.0, 500.0, 509.68, 814.89, 1129.83, 1447.58, 1777.74, 2094.08, 2423.55, 2779.23, 3133.49, 3480.4, 3820.36, 4190.06, 4548.92, 4920.68, 5316.19, 5737.85, 6117.92, 6474.6, 6875.23, 7269.04, 7667.92, 8081.56, 8484.63, 8898.35, 9288.31, 9657.96, 10070.02, 10489.36, 10806.37, 11141.36, 11487.62, 11829.33, 12104.04, 12416.46, 12765.4, 12884.53, 13214.29, 13574.0, 13991.22, 14024.5, 14561.83, 15138.4, 15545.4, 15887.2, 16166.8, 16463.8, 16855.4, 17094.0, 17231.5, 17984.67, 18444.0, 18819.0, 16925.0, 17093.0, 17289.0, 17925.0, 18178.0, 18775.0, 19442.0, 19703.0]","[500.0, 500.19, 604.4, 950.74, 1297.94, 1625.04, 1903.13, 2212.45, 2524.83, 2856.17, 3205.0, 3556.92, 3878.23, 4235.53, 4615.04, 4967.32, 5345.04, 5680.11, 6013.17, 6380.77, 6763.89, 7118.75, 7498.42, 7870.19, 8192.59, 8519.6, 8877.31, 9211.83, 9529.04, 9831.07, 10072.73, 10208.25, 10420.88, 10718.7, 10924.46, 11329.46, 11726.55, 11913.37, 12084.14, 12456.8, 12928.44, 13057.0, 13498.17, 14071.6, 14326.2, 14651.8, 14938.0, 15205.4, 15518.8, 15708.4, 16032.5, 16499.67, 15995.5, 16523.0, 17543.0, 17825.0, 17946.0, 18212.0, 18433.0, 19259.0, 19721.0, 20193.0]","[500.0, 500.09, 564.34, 897.91, 1237.75, 1587.02, 1925.92, 2305.02, 2702.89, 3096.19, 3504.81, 3953.96, 4378.83, 4803.57, 5260.7, 5715.28, 6136.11, 6642.0, 7111.4, 7512.02, 7977.09, 8435.23, 8956.83, 9431.65, 9929.84, 10370.31, 10835.04, 11303.83, 11696.11, 12069.39, 12441.41, 12752.86, 13126.5, 13561.43, 13693.73, 14266.08, 14826.4, 15160.42, 15495.5, 16047.1, 16491.22, 16644.75, 17004.17, 17525.4, 17852.0, 18357.6, 18726.8, 19095.4, 19471.4, 19960.2, 19939.75, 20246.67, 20260.0, 20607.0, 23565.0, 23821.0, 24025.0, 24366.0, 25000.0, 25953.0, 26326.0, 26873.0]","[500.0, 500.0, 516.36, 837.28, 1196.32, 1550.64, 1870.62, 2222.32, 2576.92, 2896.75, 3283.98, 3727.45, 4068.53, 4521.62, 4986.68, 5355.28, 5810.3, 6240.28, 6635.7, 7055.49, 7487.15, 7903.04, 8304.69, 8770.19, 9186.47, 9657.25, 10112.5, 10549.11, 10959.98, 11314.32, 11757.56, 11979.75, 12346.66, 12784.33, 13111.23, 13674.71, 14194.4, 14763.32, 15165.79, 16149.0, 17185.44, 17820.12, 18466.5, 19045.2, 19563.0, 20010.0, 20354.8, 20902.0, 21270.6, 21611.2, 22353.5, 23035.67, 23498.0, 24014.5, 26221.0, 26734.0, 27169.0, 27659.0, 27955.0, 28421.0, 29444.0, 30020.0]","[500.0, 500.66, 507.09, 684.09, 873.92, 1072.49, 1250.42, 1426.08, 1611.55, 1794.47, 1997.74, 2230.62, 2440.85, 2700.08, 2983.19, 3232.64, 3505.51, 3769.36, 4024.3, 4305.89, 4575.6, 4869.08, 5152.29, 5444.98, 5720.04, 6024.33, 6318.56, 6590.98, 6864.24, 7097.68, 7355.85, 7549.72, 7725.09, 8010.0, 8214.62, 8620.46, 8961.45, 9149.74, 9425.43, 9905.3, 10412.0, 10359.0, 10764.33, 11322.6, 11595.2, 11875.8, 12064.8, 12310.4, 12539.4, 12785.0, 13202.25, 13564.33, 12329.0, 12594.5, 13380.0, 13572.0, 13771.0, 13964.0, 14232.0, 14854.0, 15199.0, 15693.0]"
C9,2017,Summer,"[0.0, -0.19, 29.78, 16.3, 28.93, 110.63, 140.0, 152.19, 155.56, 82.74, 142.81, 351.7, 303.07, 413.15, 774.67, 702.78, 909.41, 1108.81, 1376.3, 1353.07, 1542.78, 2069.96, 2102.22, 2498.96, 2821.69, 2885.08, 3158.54, 2642.24, 2457.96, 1717.14, 1413.38, 310.33, 194.59, 1213.25, -112.86, 1647.0, 244.7, -2045.11, -3628.83, 3866.0, 5719.33, 768.5, 803.0, -578.0, -235.0, 57.0, -86.5, 48.0, 299.0, 394.0, -2267.5, -4262.0, -4302.0, -3777.0]",Blue,"[53, 53, 53, 53, 53, 53, 53, 53, 53, 53, 53, 53, 53, 53, 53, 53, 53, 53, 53, 53, 53, 53, 52, 52, 49, 48, 48, 47, 46, 44, 41, 36, 32, 30, 26, 24, 20, 19, 14, 10, 9, 8, 6, 5, 5, 5, 5, 5, 5, 5, 4, 3, 2, 2, 1, 1, 1, 1, 1, 1, 1, 1]","[500.0, 500.0, 514.96, 816.37, 1128.81, 1452.15, 1791.44, 2113.89, 2450.07, 2793.04, 3159.85, 3528.15, 3829.22, 4195.67, 4567.41, 4915.7, 5323.44, 5733.41, 6123.81, 6467.07, 6837.78, 7276.3, 7656.04, 8084.7, 8446.35, 8882.96, 9268.0, 9616.76, 10039.79, 10454.45, 10753.48, 11180.5, 11691.06, 12165.94, 12473.0, 12944.85, 13190.1, 13102.11, 13655.33, 14632.33, 15207.67, 14833.0, 15299.0, 15448.5, 16017.5, 16515.5, 16878.5, 17059.0, 17492.5, 17850.5, 18036.0, 20213.0, 20737.0, 20946.0]","[500.0, 500.0, 613.19, 972.11, 1316.89, 1660.44, 1942.81, 2243.07, 2545.26, 2858.26, 3199.19, 3566.0, 3878.19, 4233.11, 4612.26, 4983.33, 5358.48, 5681.33, 6038.89, 6387.0, 6785.59, 7146.81, 7537.96, 7913.26, 8269.69, 8610.54, 8965.96, 9260.56, 9579.25, 9850.14, 10158.43, 10282.5, 10585.65, 10970.94, 11140.21, 11633.38, 12003.9, 12074.78, 12153.33, 12980.67, 13496.67, 13386.5, 13777.5, 14022.5, 14353.0, 14636.0, 14868.0, 15085.0, 15501.5, 15665.0, 15891.5, 15780.0, 15973.0, 16295.0]","[500.0, 500.19, 564.93, 899.3, 1237.37, 1601.89, 1935.67, 2294.89, 2711.93, 3094.0, 3504.63, 3951.93, 4374.37, 4778.19, 5267.26, 5699.37, 6119.67, 6603.11, 7096.19, 7467.85, 7924.41, 8403.78, 8913.33, 9408.37, 9916.65, 10387.92, 10856.54, 11326.32, 11686.83, 11969.32, 12388.9, 12676.0, 13156.06, 13635.69, 13750.64, 14448.85, 14876.3, 14990.22, 15198.5, 15578.67, 16194.0, 15218.5, 15594.5, 15878.5, 16260.0, 16798.5, 17207.0, 17451.0, 17844.0, 18236.0, 18585.5, 17139.0, 17468.0, 17901.0]","[500.0, 500.0, 518.19, 844.93, 1182.48, 1551.63, 1871.78, 2218.44, 2574.93, 2891.0, 3281.15, 3708.26, 4009.0, 4480.04, 4953.11, 5327.37, 5810.22, 6257.85, 6688.67, 7098.7, 7507.44, 7945.93, 8332.04, 8836.74, 9234.5, 9746.27, 10221.27, 10613.72, 11029.83, 11261.41, 11667.9, 11795.94, 12196.59, 12766.31, 13126.07, 13708.62, 14081.6, 14551.78, 14752.67, 16215.67, 17171.33, 18134.0, 18633.0, 18887.5, 19628.5, 20030.5, 20312.5, 20780.0, 21153.0, 21454.5, 21829.0, 21531.0, 21789.0, 22283.0]","[500.0, 500.59, 505.85, 679.81, 861.93, 1064.07, 1230.37, 1399.07, 1573.74, 1759.81, 1964.96, 2192.96, 2389.52, 2646.81, 2966.85, 3213.44, 3508.7, 3780.0, 4040.41, 4292.33, 4564.85, 4871.37, 5155.19, 5453.04, 5760.35, 6086.65, 6397.73, 6633.48, 6908.96, 7092.55, 7342.43, 7520.56, 7850.53, 8243.44, 8422.57, 8941.54, 9205.7, 9254.11, 9482.0, 10432.0, 10997.0, 10219.5, 10637.5, 10818.5, 11142.5, 11365.5, 11551.0, 11821.0, 12026.0, 12268.5, 12553.5, 11620.0, 11810.0, 12029.0]"
C9,2017,Summer,"[0.0, -0.08, 32.92, 114.12, 51.12, 137.19, 102.27, -56.42, -34.77, -132.35, -54.58, -147.04, -281.77, -413.31, -367.38, -534.08, -609.85, -849.81, -686.42, -958.77, -1241.08, -1322.62, -1444.2, -1561.8, -1896.87, -1740.86, -1472.32, -1830.73, -1884.23, -2079.91, -1167.05, 107.78, 1436.2, 3045.07, 4318.83, 4709.27, 2964.3, 2904.3, 2785.62, 3396.43, 1813.5, 2144.17, 1871.0, -2142.67, -1408.33, -1341.67, -1133.33, -1398.67, -1055.33, 696.0, -451.5, -2368.5, 2052.0, 2361.0, 1689.0, 2206.0, 2482.0, 2538.0, 3179.0, 633.0, -827.0, -1822.0]",Red,"[53, 53, 53, 53, 53, 53, 53, 53, 53, 53, 53, 53, 53, 53, 53, 53, 53, 53, 53, 53, 53, 53, 52, 52, 49, 48, 48, 47, 46, 44, 41, 36, 32, 30, 26, 24, 20, 19, 14, 10, 9, 8, 6, 5, 5, 5, 5, 5, 5, 5, 4, 3, 2, 2, 1, 1, 1, 1, 1, 1, 1, 1]","[500.0, 500.0, 504.19, 813.35, 1130.88, 1442.85, 1763.5, 2073.5, 2396.0, 2764.88, 3106.12, 3430.81, 3811.15, 4184.23, 4529.73, 4925.85, 5308.65, 5742.46, 6111.81, 6482.42, 6914.12, 7261.5, 7680.76, 8078.16, 8527.91, 8916.55, 9312.32, 9704.77, 10103.0, 10524.27, 10861.9, 11102.22, 11257.07, 11444.64, 11673.58, 11792.0, 12340.7, 12688.7, 12883.5, 13120.43, 13383.0, 13755.0, 14193.25, 14931.67, 15230.67, 15468.33, 15692.33, 16067.0, 16430.67, 16589.67, 16427.0, 16870.5, 16151.0, 16692.0, 16925.0, 17093.0, 17289.0, 17925.0, 18178.0, 18775.0, 19442.0, 19703.0]","[500.0, 500.38, 595.27, 928.54, 1278.27, 1588.27, 1861.92, 2180.65, 2503.62, 2854.0, 3211.04, 3547.5, 3878.27, 4238.04, 4617.92, 4950.69, 5331.08, 5678.85, 5986.46, 6374.31, 6741.35, 7089.62, 7455.72, 7823.68, 8105.43, 8412.14, 8772.55, 9156.45, 9474.27, 9812.0, 9982.75, 10134.0, 10234.13, 10430.43, 10672.75, 10970.27, 11449.2, 11768.1, 12032.25, 12232.29, 12644.33, 12947.17, 13358.5, 14104.33, 14308.33, 14662.33, 14984.67, 15285.67, 15530.33, 15737.33, 16173.5, 16859.5, 16018.0, 16751.0, 17543.0, 17825.0, 17946.0, 18212.0, 18433.0, 19259.0, 19721.0, 20193.0]","[500.0, 500.0, 563.73, 896.46, 1238.15, 1571.58, 1915.81, 2315.54, 2693.5, 3098.46, 3505.0, 3956.08, 4383.46, 4829.92, 5253.88, 5731.81, 6153.19, 6682.38, 7127.19, 7557.88, 8031.81, 8467.88, 9003.8, 9456.8, 9944.74, 10349.5, 10809.64, 11278.27, 11706.23, 12169.45, 12496.55, 12829.72, 13093.0, 13476.57, 13627.33, 14050.09, 14776.5, 15313.6, 15718.25, 16247.86, 16639.83, 17120.17, 17709.0, 18623.33, 18913.33, 19397.0, 19740.0, 20191.67, 20556.33, 21109.67, 21294.0, 21800.5, 23052.0, 23313.0, 23565.0, 23821.0, 24025.0, 24366.0, 25000.0, 25953.0, 26326.0, 26873.0]","[500.0, 500.09, 564.34, 897.91, 1237.75, 1587.02, 1925.92, 2305.02, 2702.89, 3096.19, 3504.81, 3953.96, 4378.83, 4803.57, 5260.7, 5715.28, 6136.11, 6642.0, 7111.4, 7512.02, 7977.09, 8435.23, 8956.83, 9431.65, 9929.84, 10370.31, 10835.04, 11303.83, 11696.11, 12069.39, 12441.41, 12752.86, 13126.5, 13561.43, 13693.73, 14266.08, 14826.4, 15160.42, 15495.5, 16047.1, 16491.22, 16644.75, 17004.17, 17525.4, 17852.0, 18357.6, 18726.8, 19095.4, 19471.4, 19960.2, 19939.75, 20246.67, 20260.0, 20607.0, 23565.0, 23821.0, 24025.0, 24366.0, 25000.0, 25953.0, 26326.0, 26873.0]","[500.0, 500.73, 508.38, 688.54, 886.38, 1081.23, 1271.23, 1454.12, 1650.81, 1830.46, 2031.77, 2269.73, 2494.15, 2755.38, 3000.15, 3252.58, 3502.19, 3758.31, 4007.58, 4319.96, 4586.77, 4866.69, 5149.16, 5436.28, 5674.48, 5950.68, 6225.0, 6542.68, 6815.45, 7102.82, 7369.95, 7578.89, 7582.93, 7743.21, 7972.0, 8241.0, 8717.2, 9055.8, 9383.0, 9679.57, 10119.5, 10405.5, 10827.75, 11658.67, 11897.0, 12216.0, 12407.33, 12636.67, 12881.67, 13129.33, 13851.0, 14536.5, 12848.0, 13160.0, 13380.0, 13572.0, 13771.0, 13964.0, 14232.0, 14854.0, 15199.0, 15693.0]"
CLG,2017,Summer,"[0.0, -8.52, 1.49, -48.54, -27.06, -12.98, -11.75, -15.83, -27.43, -33.32, -20.43, -44.0, -61.31, -99.31, 59.29, 4.06, 84.17, 194.37, 190.92, 220.31, 233.35, 219.32, 260.89, 229.54, 276.71, 321.91, 360.46, 168.31, 99.15, 64.76, -281.6, -805.81, -1140.42, -1343.48, -1099.24, -1549.78, -2799.92, -2240.09, -3037.0, -1967.75, -1949.53, 58.25, -1861.86, -2480.29, -2114.2, -2665.4, -4166.6, -3866.0, -3760.0, -3483.33, -3415.67, -3868.0, -2875.0, -3777.0]",Both,"[65, 65, 65, 65, 65, 65, 65, 65, 65, 65, 65, 65, 65, 65, 65, 65, 65, 65, 65, 65, 65, 65, 65, 65, 65, 65, 65, 62, 59, 54, 48, 43, 40, 40, 37, 32, 25, 23, 21, 16, 15, 12, 7, 7, 5, 5, 5, 3, 3, 3, 3, 3, 2, 1]","[500.0, 506.15, 526.31, 842.34, 1181.51, 1514.97, 1858.25, 2188.95, 2536.77, 2868.71, 3226.74, 3572.03, 3920.72, 4303.34, 4656.88, 5031.88, 5435.29, 5813.98, 6209.52, 6605.02, 7015.15, 7393.68, 7786.35, 8184.0, 8623.77, 9047.26, 9521.74, 9879.74, 10304.93, 10659.33, 11042.21, 11480.49, 11978.88, 12381.95, 12953.57, 13138.16, 13350.4, 13793.35, 14231.0, 14496.56, 14793.67, 15282.92, 15809.0, 16212.14, 16198.0, 16408.4, 16732.2, 15947.0, 16182.33, 16468.33, 16757.67, 17459.33, 18263.5, 17394.0]","[500.0, 500.51, 598.37, 943.94, 1274.97, 1564.55, 1862.66, 2133.02, 2448.8, 2743.49, 3026.92, 3343.05, 3644.54, 3947.98, 4274.69, 4613.74, 4954.0, 5263.66, 5608.34, 5952.18, 6303.45, 6611.02, 6921.2, 7237.77, 7572.83, 7927.43, 8314.52, 8608.69, 8977.54, 9280.7, 9563.08, 9974.21, 10271.8, 10611.05, 10944.08, 11091.44, 11370.4, 11718.48, 11819.24, 12063.75, 12337.6, 12737.42, 13223.29, 13605.57, 13826.6, 14059.4, 14252.4, 14463.67, 14770.33, 15121.67, 15394.33, 15683.33, 16592.5, 17719.0]","[500.0, 500.15, 573.97, 895.83, 1210.25, 1549.51, 1873.42, 2216.48, 2607.45, 2978.63, 3386.74, 3786.95, 4187.12, 4554.0, 4989.0, 5420.83, 5842.55, 6295.51, 6749.69, 7181.25, 7636.23, 8042.25, 8483.6, 8916.12, 9367.43, 9880.37, 10376.14, 10858.92, 11285.54, 11584.13, 11960.96, 12429.91, 12847.32, 13288.02, 13816.73, 14059.78, 14403.12, 14842.13, 15360.62, 15634.81, 15987.73, 16670.67, 16952.0, 17568.57, 18214.4, 18481.6, 18887.4, 19752.33, 20053.0, 20442.33, 20816.33, 21275.67, 21880.0, 21321.0]","[500.0, 500.66, 515.58, 843.82, 1179.22, 1542.25, 1873.65, 2209.49, 2560.45, 2889.72, 3286.91, 3646.82, 4000.49, 4402.2, 4804.58, 5179.12, 5586.75, 5972.11, 6379.52, 6747.2, 7160.75, 7554.92, 7952.71, 8407.45, 8847.54, 9314.14, 9859.89, 10322.92, 10824.1, 11194.07, 11591.65, 12115.23, 12561.62, 13074.68, 13712.3, 13985.38, 14205.28, 14608.87, 15205.52, 15567.12, 15943.93, 16748.33, 17342.29, 18011.71, 18779.6, 19316.4, 19855.6, 19830.0, 20157.33, 20588.0, 21231.33, 21895.0, 21851.5, 22337.0]","[500.0, 500.88, 508.75, 700.0, 885.02, 1077.72, 1259.77, 1437.72, 1641.65, 1829.32, 2048.32, 2262.28, 2478.18, 2737.62, 2981.43, 3232.31, 3492.85, 3740.86, 4007.75, 4284.11, 4555.57, 4809.42, 5097.45, 5388.88, 5704.12, 6021.26, 6383.34, 6643.0, 6967.95, 7177.28, 7424.73, 7757.09, 8032.92, 8388.05, 8741.3, 8888.91, 9063.4, 9416.7, 9791.67, 10214.88, 10548.13, 10919.08, 11414.57, 11843.29, 12227.2, 12497.0, 12717.0, 12840.0, 13041.33, 13344.67, 13749.33, 14144.0, 14845.0, 14460.0]"
CLG,2017,Summer,"[0.0, -0.94, 13.0, -36.84, -60.97, -64.03, 11.16, -43.91, -39.28, -96.91, -42.16, -89.28, -162.53, -306.12, -253.47, -333.44, -200.09, -176.56, -136.62, -69.31, 36.16, -93.81, -174.38, -154.81, 4.34, 222.62, 794.44, 703.23, 872.9, 374.22, -287.46, -223.78, -237.27, -248.95, 909.1, -552.89, -2579.36, -2133.15, -2774.92, -2506.2, -3268.5, -368.29, -1789.8, -1756.4, -2022.5, -2742.75, -4505.75, -4409.0, -4506.0, -4203.0, -3608.5, -3671.0, -1448.0]",Blue,"[65, 65, 65, 65, 65, 65, 65, 65, 65, 65, 65, 65, 65, 65, 65, 65, 65, 65, 65, 65, 65, 65, 65, 65, 65, 65, 65, 62, 59, 54, 48, 43, 40, 40, 37, 32, 25, 23, 21, 16, 15, 12, 7, 7, 5, 5, 5, 3, 3, 3, 3, 3, 2, 1]","[500.0, 500.0, 533.28, 850.06, 1181.16, 1506.44, 1848.41, 2187.22, 2536.94, 2872.75, 3238.12, 3585.22, 3927.34, 4270.69, 4656.06, 5026.44, 5427.81, 5822.97, 6203.12, 6613.69, 7012.38, 7376.69, 7780.94, 8178.25, 8626.25, 9053.41, 9518.38, 9878.13, 10303.63, 10642.15, 10982.92, 11385.52, 11888.09, 12255.77, 12810.86, 13017.33, 13285.14, 13804.92, 14208.46, 14775.2, 15069.5, 15767.14, 15845.8, 16138.6, 16478.0, 16701.0, 16986.5, 15955.0, 16217.0, 16541.5, 16869.0, 17670.0, 19323.0]","[500.0, 500.0, 588.34, 923.44, 1269.25, 1555.03, 1838.72, 2115.59, 2445.22, 2717.91, 3002.38, 3322.22, 3633.69, 3909.03, 4245.66, 4603.28, 4951.59, 5282.94, 5612.03, 5961.66, 6301.66, 6588.62, 6888.5, 7193.53, 7532.62, 7885.84, 8278.28, 8531.29, 8904.93, 9145.22, 9448.62, 9749.48, 10014.82, 10314.68, 10712.67, 10742.17, 10826.5, 11287.54, 11557.0, 11806.7, 12150.4, 12513.43, 12860.6, 13181.0, 13413.5, 13652.5, 13842.0, 13682.5, 13935.0, 14290.5, 14599.0, 14802.5, 15587.0]","[500.0, 500.0, 571.22, 902.56, 1219.0, 1562.56, 1897.0, 2244.62, 2643.25, 3017.12, 3443.12, 3833.03, 4223.19, 4561.75, 5019.25, 5465.47, 5879.75, 6341.09, 6784.03, 7226.69, 7665.44, 8075.66, 8517.84, 8940.28, 9401.66, 9930.81, 10417.03, 10909.52, 11392.23, 11706.15, 12123.88, 12571.13, 12952.05, 13382.0, 13805.9, 14003.72, 14227.71, 14722.0, 15198.38, 15766.1, 16135.3, 17022.0, 17142.4, 17768.2, 18212.25, 18450.0, 18926.5, 20131.0, 20384.0, 20801.0, 21131.5, 21535.0, 22712.0]","[500.0, 500.0, 517.75, 821.47, 1155.88, 1522.91, 1865.03, 2185.16, 2546.97, 2860.31, 3255.22, 3622.38, 3968.09, 4338.62, 4763.84, 5129.72, 5558.16, 5953.44, 6355.38, 6731.19, 7097.41, 7473.25, 7834.75, 8235.38, 8707.25, 9215.75, 9750.78, 10154.71, 10670.43, 11111.7, 11511.92, 11986.61, 12446.18, 12940.05, 13569.33, 13819.83, 13964.93, 14420.38, 14896.38, 15616.3, 16180.7, 17045.29, 17780.2, 18342.0, 19158.5, 19636.25, 20131.0, 20194.0, 20624.5, 21082.5, 21709.5, 22192.5, 21733.0]","[500.0, 500.0, 510.62, 698.88, 885.91, 1082.94, 1263.0, 1434.88, 1625.81, 1808.91, 2034.19, 2242.94, 2462.84, 2692.75, 2952.62, 3207.34, 3469.53, 3728.97, 3985.56, 4289.91, 4547.19, 4803.25, 5084.66, 5379.06, 5707.22, 6032.41, 6391.34, 6671.61, 6988.6, 7231.96, 7531.85, 7790.22, 8085.09, 8423.95, 8766.9, 8940.61, 9046.71, 9496.31, 9817.92, 10377.6, 10727.7, 11208.71, 11661.6, 12051.6, 12331.0, 12622.75, 12841.75, 13040.0, 13247.0, 13606.5, 13911.5, 14213.5, 15431.0]"
CLG,2017,Summer,"[0.0, -15.88, -9.67, -59.88, 5.82, 36.52, -33.97, 11.39, -15.94, 28.33, 0.64, -0.09, 36.85, 101.24, 362.58, 331.33, 359.82, 554.06, 508.55, 501.15, 424.58, 522.97, 682.97, 602.24, 540.82, 418.18, -60.36, -366.61, -701.28, -244.7, -274.68, -1475.15, -2244.28, -2681.22, -3735.19, -2831.5, -3080.64, -2379.1, -3462.88, -1070.33, 688.4, 655.4, -2042.0, -4290.0, -2481.0, -2356.0, -2810.0, -2780.0, -2268.0, -2044.0, -3030.0, -4262.0, -4302.0, -3777.0]",Red,"[65, 65, 65, 65, 65, 65, 65, 65, 65, 65, 65, 65, 65, 65, 65, 65, 65, 65, 65, 65, 65, 65, 65, 65, 65, 65, 65, 62, 59, 54, 48, 43, 40, 40, 37, 32, 25, 23, 21, 16, 15, 12, 7, 7, 5, 5, 5, 3, 3, 3, 3, 3, 2, 1]","[500.0, 512.12, 519.55, 834.85, 1181.85, 1523.24, 1867.79, 2190.64, 2536.61, 2864.79, 3215.7, 3559.24, 3914.3, 4335.0, 4657.67, 5037.15, 5442.55, 5805.27, 6215.73, 6596.61, 7017.85, 7410.15, 7791.61, 8189.58, 8621.36, 9041.3, 9525.0, 9881.35, 10306.28, 10676.52, 11112.27, 11589.7, 12089.83, 12536.17, 13140.88, 13293.5, 13433.45, 13778.3, 14267.62, 14032.17, 14242.0, 14605.0, 15717.0, 16396.0, 15078.0, 15238.0, 15715.0, 15931.0, 16113.0, 16322.0, 16535.0, 17038.0, 17204.0, 17394.0]","[500.0, 501.0, 608.09, 963.82, 1280.52, 1573.79, 1885.88, 2149.91, 2452.27, 2768.3, 3050.73, 3363.24, 3655.06, 3985.76, 4302.85, 4623.88, 4956.33, 5244.97, 5604.76, 5943.0, 6305.18, 6632.73, 6952.91, 7280.67, 7611.82, 7967.76, 8349.67, 8686.1, 9052.66, 9416.19, 9698.36, 10232.65, 10585.89, 10973.28, 11247.81, 11540.5, 12062.64, 12278.7, 12245.38, 12492.17, 12712.0, 13051.0, 14130.0, 14667.0, 15479.0, 15687.0, 15894.0, 16026.0, 16441.0, 16784.0, 16985.0, 17445.0, 17598.0, 17719.0]","[500.0, 500.3, 576.64, 889.3, 1201.76, 1536.85, 1850.55, 2189.18, 2572.73, 2941.3, 3332.06, 3742.27, 4152.15, 4546.48, 4959.67, 5377.55, 5806.48, 6251.3, 6716.39, 7137.18, 7607.91, 8009.85, 8450.39, 8892.7, 9334.24, 9831.45, 10336.48, 10808.32, 11175.17, 11462.11, 11768.41, 12267.5, 12719.33, 13173.17, 13830.94, 14131.86, 14626.36, 14998.3, 15624.25, 15416.0, 15692.6, 16178.8, 16476.0, 17069.5, 18223.0, 18608.0, 18731.0, 18995.0, 19391.0, 19725.0, 20186.0, 20757.0, 21048.0, 21321.0]","[500.0, 500.15, 573.97, 895.83, 1210.25, 1549.51, 1873.42, 2216.48, 2607.45, 2978.63, 3386.74, 3786.95, 4187.12, 4554.0, 4989.0, 5420.83, 5842.55, 6295.51, 6749.69, 7181.25, 7636.23, 8042.25, 8483.6, 8916.12, 9367.43, 9880.37, 10376.14, 10858.92, 11285.54, 11584.13, 11960.96, 12429.91, 12847.32, 13288.02, 13816.73, 14059.78, 14403.12, 14842.13, 15360.62, 15634.81, 15987.73, 16670.67, 16952.0, 17568.57, 18214.4, 18481.6, 18887.4, 19752.33, 20053.0, 20442.33, 20816.33, 21275.67, 21880.0, 21321.0]","[500.0, 501.73, 506.94, 701.09, 884.15, 1072.67, 1256.64, 1440.48, 1657.0, 1849.12, 2062.03, 2281.03, 2493.06, 2781.12, 3009.36, 3256.52, 3515.45, 3752.39, 4029.27, 4278.48, 4563.7, 4815.39, 5109.85, 5398.39, 5701.12, 6010.45, 6375.58, 6614.39, 6946.59, 7122.59, 7298.14, 7719.0, 7969.17, 8344.17, 8707.69, 8822.43, 9084.64, 9313.2, 9749.0, 9943.67, 10189.0, 10513.6, 10797.0, 11322.5, 11812.0, 11994.0, 12218.0, 12440.0, 12630.0, 12821.0, 13425.0, 14005.0, 14259.0, 14460.0]"
DIG,2017,Summer,"[0.0, -8.06, 13.58, 2.74, -63.77, 0.23, 25.02, 31.02, 94.62, -20.29, 7.58, -38.78, -39.38, 192.05, 214.83, 143.2, 136.11, 178.2, 185.62, 291.65, 263.34, 381.29, 205.66, 343.77, -335.47, -913.23, -526.63, -968.23, -510.83, -254.35, -834.33, 160.57, 329.53, 736.08, 1453.47, 1007.63, 1026.48, 281.58, 73.53, 2968.71, 2941.45, -871.43, -1351.71, -2044.86, -965.33, -514.17, 1824.0, 34.0, -150.33, -446.33, -1696.67, 323.0, 3078.0]",Both,"[65, 65, 65, 65, 65, 65, 65, 65, 65, 65, 65, 65, 65, 65, 65, 65, 65, 65, 65, 65, 65, 65, 65, 65, 62, 61, 59, 56, 54, 48, 45, 40, 38, 37, 34, 30, 27, 24, 19, 14, 11, 7, 7, 7, 6, 6, 4, 3, 3, 3, 3, 1, 1]","[500.0, 500.0, 507.05, 823.45, 1153.91, 1465.58, 1784.77, 2117.06, 2438.11, 2761.94, 3134.6, 3463.72, 3825.94, 4198.89, 4613.26, 5000.86, 5373.74, 5781.2, 6156.12, 6533.92, 6944.25, 7303.89, 7738.45, 8168.69, 8623.84, 9091.36, 9472.12, 9810.2, 10261.91, 10663.77, 11026.93, 11459.78, 11937.13, 12404.27, 12763.06, 13029.07, 13399.0, 13565.75, 14174.84, 14415.0, 14510.36, 14836.0, 15369.14, 15774.14, 15714.5, 16018.17, 16913.25, 16819.33, 17184.67, 17431.0, 18085.67, 20256.0, 21241.0]","[500.0, 500.0, 601.28, 956.68, 1303.14, 1589.94, 1874.85, 2165.69, 2453.52, 2765.65, 3068.86, 3368.38, 3660.57, 4013.08, 4352.95, 4696.0, 5018.29, 5348.91, 5685.4, 6014.46, 6347.17, 6644.71, 6969.88, 7313.78, 7637.68, 7992.05, 8275.39, 8549.77, 8896.44, 9253.48, 9615.64, 9929.7, 10291.47, 10671.54, 10798.18, 11003.63, 11370.07, 11498.29, 11997.16, 12279.29, 12513.55, 12938.57, 13296.43, 13654.29, 13764.5, 14156.5, 14696.0, 15059.67, 15315.33, 15559.0, 16218.0, 16601.0, 17202.0]","[500.0, 500.0, 558.12, 884.03, 1235.91, 1564.86, 1900.32, 2236.09, 2606.54, 2974.28, 3346.25, 3764.55, 4163.78, 4544.05, 4963.78, 5398.69, 5760.55, 6179.11, 6581.86, 6990.98, 7399.74, 7815.74, 8246.45, 8684.08, 9057.66, 9508.43, 9880.08, 10197.59, 10602.65, 10910.77, 11352.69, 11794.52, 12167.05, 12617.7, 12872.26, 13078.5, 13419.93, 13727.21, 14121.63, 14493.36, 14674.45, 15170.43, 15633.0, 16099.29, 16256.33, 16776.83, 16864.25, 17141.67, 17553.33, 17722.67, 18339.0, 19639.0, 20552.0]","[500.0, 500.0, 511.34, 819.25, 1159.86, 1528.51, 1821.03, 2152.63, 2467.03, 2850.91, 3215.6, 3602.66, 3949.05, 4361.98, 4778.63, 5154.97, 5555.66, 5938.02, 6344.98, 6773.94, 7197.68, 7585.08, 8011.03, 8479.55, 8854.42, 9283.13, 9722.03, 10098.77, 10515.48, 10934.83, 11395.38, 11723.72, 12239.66, 12704.32, 13010.59, 13414.2, 13800.37, 14263.58, 14700.26, 14891.93, 15019.36, 16121.0, 16513.71, 16942.71, 17535.0, 18107.33, 19061.25, 20193.33, 20684.67, 21242.0, 22156.67, 20996.0, 22408.0]","[500.0, 500.25, 506.03, 690.22, 886.29, 1078.94, 1267.88, 1460.68, 1644.32, 1855.92, 2058.75, 2282.71, 2484.38, 2742.62, 3019.74, 3268.86, 3535.95, 3805.66, 4083.22, 4342.32, 4599.77, 4877.18, 5185.17, 5495.02, 5764.9, 6088.57, 6345.47, 6584.59, 6909.87, 7144.75, 7467.31, 7801.22, 8154.34, 8482.27, 8737.59, 9028.4, 9225.19, 9423.21, 9638.11, 9774.07, 9954.55, 10439.14, 10777.0, 11152.43, 11494.67, 11840.83, 12444.75, 12759.0, 12951.0, 13242.0, 13941.67, 12296.0, 13054.0]"
DIG,2017,Summer,"[0.0, -14.97, -36.14, -62.77, -93.8, -127.46, -170.57, -202.8, -264.51, -335.29, -310.54, -426.34, -480.03, -234.97, -198.29, -314.86, -329.51, -392.4, -305.34, -173.0, -233.8, -139.57, -185.37, 12.17, -617.36, -1156.09, -976.12, -1837.45, -1375.43, -865.88, -1281.55, 58.61, 662.94, 1735.29, 1483.88, 171.64, -22.54, -2631.5, -2474.78, -399.67, -2100.5, -2714.0, -3250.67, -4472.33, -4803.0, -4716.67, -409.5, -1387.0, -1658.5, -2085.5, -1792.5, 323.0, 3078.0]",Blue,"[65, 65, 65, 65, 65, 65, 65, 65, 65, 65, 65, 65, 65, 65, 65, 65, 65, 65, 65, 65, 65, 65, 65, 65, 62, 61, 59, 56, 54, 48, 45, 40, 38, 37, 34, 30, 27, 24, 19, 14, 11, 7, 7, 7, 6, 6, 4, 3, 3, 3, 3, 1, 1]","[500.0, 500.0, 508.23, 823.51, 1172.2, 1473.23, 1795.54, 2101.2, 2441.54, 2746.97, 3148.91, 3472.49, 3863.97, 4253.09, 4672.34, 5051.91, 5399.74, 5797.31, 6182.14, 6567.37, 6974.29, 7338.03, 7796.11, 8229.91, 8676.76, 9127.39, 9587.78, 9827.28, 10371.57, 10791.42, 11091.68, 11583.5, 12044.83, 12627.94, 13067.31, 13187.64, 13864.62, 13789.6, 14442.89, 14479.0, 14638.75, 14353.67, 14804.33, 15115.33, 15311.67, 15758.0, 17848.5, 18247.0, 18601.0, 18886.5, 19450.0, 20256.0, 21241.0]","[500.0, 500.0, 604.51, 964.03, 1304.89, 1611.97, 1890.34, 2183.74, 2482.8, 2789.97, 3119.03, 3388.8, 3672.46, 4061.37, 4400.46, 4734.23, 5049.46, 5401.89, 5758.11, 6087.37, 6426.63, 6751.94, 7067.46, 7431.89, 7693.76, 7986.33, 8314.56, 8553.34, 8943.46, 9297.0, 9618.36, 9918.67, 10299.78, 10716.24, 10978.31, 11080.71, 11414.69, 11311.5, 11770.44, 12386.33, 12602.25, 12757.33, 13183.33, 13417.33, 13693.33, 14213.33, 15385.0, 15733.5, 15967.5, 16233.5, 16619.5, 16601.0, 17202.0]","[500.0, 500.0, 558.8, 888.6, 1224.83, 1557.69, 1911.43, 2255.69, 2629.06, 2994.57, 3359.77, 3778.69, 4180.89, 4584.69, 5019.03, 5438.57, 5782.77, 6195.51, 6608.69, 7060.51, 7465.43, 7909.37, 8300.77, 8762.17, 9055.97, 9425.52, 9871.28, 10126.52, 10569.36, 10777.38, 11109.55, 11606.22, 12047.0, 12560.82, 12895.25, 13046.79, 13428.54, 13537.8, 13955.0, 14731.0, 14793.0, 14922.33, 15507.67, 15860.67, 16234.0, 16996.67, 17218.0, 17647.5, 18020.0, 18213.0, 18617.5, 19639.0, 20552.0]","[500.0, 500.0, 512.51, 826.43, 1157.94, 1516.77, 1813.86, 2139.57, 2455.97, 2808.51, 3159.69, 3530.09, 3869.09, 4352.0, 4756.0, 5119.69, 5504.51, 5914.37, 6332.37, 6748.6, 7202.29, 7594.91, 7963.2, 8472.57, 8772.67, 9142.94, 9672.69, 9961.52, 10414.57, 10837.54, 11145.14, 11578.61, 12174.17, 12647.24, 13081.38, 13582.21, 13795.92, 14212.5, 14794.78, 15544.33, 15174.0, 15952.67, 16308.67, 16575.33, 16988.67, 17689.67, 18167.5, 18547.0, 19035.0, 19605.0, 20216.0, 20996.0, 22408.0]","[500.0, 500.23, 506.91, 690.11, 881.89, 1071.54, 1266.4, 1451.23, 1632.51, 1840.06, 2040.17, 2236.54, 2429.66, 2713.86, 2984.6, 3225.0, 3482.46, 3762.0, 4053.11, 4320.23, 4579.31, 4880.51, 5162.71, 5491.31, 5691.58, 5965.79, 6303.94, 6490.83, 6863.11, 7096.25, 7297.59, 7703.61, 8052.78, 8442.76, 8788.75, 9034.36, 9289.15, 9321.1, 9644.89, 9974.5, 9922.5, 10315.33, 10665.67, 10911.33, 11159.67, 11605.0, 11655.0, 11883.5, 12091.0, 12402.0, 12748.5, 12296.0, 13054.0]"
DIG,2017,Summer,"[0.0, 0.0, 71.6, 79.17, -28.73, 149.2, 253.2, 303.8, 513.6, 347.2, 378.73, 413.37, 474.7, 690.23, 696.8, 677.6, 679.33, 843.9, 758.4, 833.73, 843.33, 988.97, 661.87, 730.63, -14.69, -627.0, 6.11, -34.63, 420.27, 357.17, -406.57, 244.0, 29.45, -113.25, 1426.44, 1739.12, 2000.57, 2362.36, 2367.0, 5495.0, 5822.57, 510.5, 72.5, -224.25, 2872.33, 3688.33, 4057.5, 2876.0, 2866.0, 2832.0, -1505.0]",Red,"[65, 65, 65, 65, 65, 65, 65, 65, 65, 65, 65, 65, 65, 65, 65, 65, 65, 65, 65, 65, 65, 65, 65, 65, 62, 61, 59, 56, 54, 48, 45, 40, 38, 37, 34, 30, 27, 24, 19, 14, 11, 7, 7, 7, 6, 6, 4, 3, 3, 3, 3, 1, 1]","[500.0, 500.0, 505.67, 823.37, 1132.57, 1456.67, 1772.2, 2135.57, 2434.1, 2779.4, 3117.9, 3453.5, 3781.57, 4135.67, 4544.33, 4941.3, 5343.4, 5762.4, 6125.77, 6494.9, 6909.2, 7264.07, 7671.17, 8097.27, 8563.62, 9048.89, 9335.04, 9791.85, 10143.81, 10536.12, 10965.0, 11358.55, 11840.2, 12214.15, 12492.61, 12890.31, 12966.64, 13405.86, 13933.6, 14367.0, 14437.0, 15197.75, 15792.75, 16268.25, 16117.33, 16278.33, 15978.0, 13964.0, 14352.0, 14520.0, 15357.0]","[500.0, 500.0, 597.5, 948.1, 1301.1, 1564.23, 1856.77, 2144.63, 2419.37, 2737.27, 3010.33, 3344.57, 3646.7, 3956.73, 4297.53, 4651.4, 4981.93, 5287.1, 5600.57, 5929.4, 6254.47, 6519.6, 6856.03, 7176.0, 7573.86, 7998.79, 8228.96, 8545.93, 8845.81, 9209.96, 9613.04, 9938.73, 10284.0, 10633.55, 10638.06, 10936.19, 11328.64, 11631.71, 12201.2, 12199.0, 12462.86, 13074.5, 13381.25, 13832.0, 13835.67, 14099.67, 14007.0, 13712.0, 14011.0, 14210.0, 15415.0]","[500.0, 500.0, 557.33, 878.7, 1248.83, 1573.23, 1887.37, 2213.23, 2580.27, 2950.6, 3330.47, 3748.07, 4143.83, 4496.63, 4899.33, 5352.17, 5734.63, 6159.97, 6550.57, 6909.87, 7323.1, 7706.5, 8183.07, 8592.97, 9059.59, 9606.14, 9890.52, 10273.93, 10638.5, 11044.17, 11585.26, 11948.59, 12275.1, 12666.05, 12851.83, 13106.25, 13411.93, 13862.5, 14271.6, 14315.12, 14606.71, 15356.5, 15727.0, 16278.25, 16278.67, 16557.0, 16510.5, 16130.0, 16620.0, 16742.0, 17782.0]","[500.0, 500.0, 558.12, 884.03, 1235.91, 1564.86, 1900.32, 2236.09, 2606.54, 2974.28, 3346.25, 3764.55, 4163.78, 4544.05, 4963.78, 5398.69, 5760.55, 6179.11, 6581.86, 6990.98, 7399.74, 7815.74, 8246.45, 8684.08, 9057.66, 9508.43, 9880.08, 10197.59, 10602.65, 10910.77, 11352.69, 11794.52, 12167.05, 12617.7, 12872.26, 13078.5, 13419.93, 13727.21, 14121.63, 14493.36, 14674.45, 15170.43, 15633.0, 16099.29, 16256.33, 16776.83, 16864.25, 17141.67, 17553.33, 17722.67, 18339.0, 19639.0, 20552.0]","[500.0, 500.27, 505.0, 690.33, 891.43, 1087.57, 1269.6, 1471.7, 1658.1, 1874.43, 2080.43, 2336.57, 2548.23, 2776.17, 3060.73, 3320.03, 3598.37, 3856.6, 4118.33, 4368.1, 4623.63, 4873.3, 5211.37, 5499.33, 5848.34, 6233.29, 6394.7, 6685.3, 6960.23, 7193.25, 7629.65, 7881.09, 8245.75, 8515.85, 8692.11, 9023.19, 9165.79, 9496.14, 9632.0, 9623.75, 9972.86, 10532.0, 10860.5, 11333.25, 11829.67, 12076.67, 13234.5, 14510.0, 14671.0, 14922.0, 16328.0]"
FLY,2017,Summer,"[0.0, -0.16, -28.49, -28.14, -14.94, -69.92, 12.12, -40.14, -15.63, -59.24, -71.37, -26.45, -6.51, -57.88, -220.51, -214.84, -318.49, -277.0, -344.47, -200.67, -393.71, -243.88, -318.76, -399.78, -254.24, -128.78, -410.33, -48.77, 396.96, -103.57, 377.03, -713.11, -1484.03, -1378.6, -1690.74, -2224.96, -1790.36, -885.68, -1943.62, -1770.13, -627.0, -183.67, 1949.44, 1801.88, 1193.4, 876.4, 375.6, 93.67, -1230.67, 1906.0, 2257.5, 1881.0, 1421.0, 279.0, -1407.0]",Both,"[51, 51, 51, 51, 51, 51, 51, 51, 51, 51, 51, 51, 51, 51, 51, 51, 51, 51, 51, 51, 51, 51, 51, 51, 50, 50, 49, 48, 45, 44, 38, 35, 33, 30, 27, 24, 22, 19, 16, 15, 13, 12, 9, 8, 5, 5, 5, 3, 3, 2, 2, 1, 1, 1, 1]","[500.0, 500.0, 515.65, 815.86, 1154.69, 1509.02, 1820.49, 2142.53, 2488.31, 2821.8, 3209.33, 3559.84, 3925.27, 4256.2, 4652.84, 5030.78, 5408.53, 5799.92, 6172.29, 6505.82, 6888.29, 7265.96, 7639.06, 8009.9, 8402.52, 8772.22, 9162.16, 9499.52, 9847.8, 10191.64, 10589.13, 11074.34, 11457.3, 11758.97, 12121.78, 12618.67, 13111.0, 13617.53, 13897.5, 14186.33, 14790.77, 15149.25, 15645.44, 15873.12, 16194.0, 16521.0, 16981.8, 17632.33, 17967.0, 18645.5, 19185.5, 17580.0, 18284.0, 18795.0, 19205.0]","[500.0, 500.0, 604.22, 1013.2, 1336.75, 1609.61, 1899.82, 2193.78, 2523.22, 2827.75, 3115.22, 3422.59, 3737.16, 4030.65, 4366.14, 4700.9, 5047.24, 5388.41, 5697.75, 6052.59, 6419.53, 6738.25, 7048.18, 7329.73, 7657.34, 7967.68, 8213.43, 8502.42, 8852.38, 9153.09, 9411.42, 9773.0, 10119.85, 10351.73, 10545.96, 10961.29, 11368.73, 11672.58, 12008.12, 12265.4, 12597.92, 12927.25, 13388.56, 14084.62, 14131.6, 14540.2, 14933.6, 15010.33, 15275.33, 16075.0, 16483.0, 15858.0, 16138.0, 16505.0, 16789.0]","[500.0, 500.0, 562.94, 886.47, 1228.75, 1554.12, 1864.96, 2196.49, 2571.59, 2936.06, 3318.71, 3722.61, 4095.67, 4439.9, 4887.12, 5307.27, 5695.88, 6100.88, 6517.33, 6890.61, 7316.2, 7722.53, 8094.49, 8452.49, 8884.96, 9291.28, 9622.86, 9998.92, 10442.24, 10784.64, 11291.5, 11769.46, 12188.09, 12637.93, 13041.85, 13405.71, 13877.5, 14302.32, 14850.69, 15432.67, 15947.08, 16588.75, 16944.22, 17433.62, 17826.4, 18181.8, 18538.4, 18174.33, 18491.0, 19434.0, 19829.0, 20317.0, 20664.0, 20978.0, 21599.0]","[500.0, 500.0, 518.82, 828.9, 1180.35, 1498.88, 1817.82, 2156.57, 2525.78, 2850.53, 3212.31, 3606.16, 3988.61, 4403.71, 4821.86, 5185.31, 5593.78, 6021.88, 6407.06, 6816.84, 7269.45, 7690.45, 8079.47, 8495.25, 8941.62, 9387.06, 9772.04, 10191.98, 10634.02, 11074.43, 11485.61, 11950.17, 12319.42, 12795.2, 13235.15, 13813.38, 14290.09, 14874.68, 15202.56, 15672.2, 16009.69, 16545.67, 17633.0, 18412.12, 18846.0, 19375.6, 20042.8, 20720.33, 21117.0, 20979.5, 22182.5, 21786.0, 22053.0, 22578.0, 23597.0]","[500.0, 501.31, 511.12, 709.61, 899.69, 1091.55, 1287.67, 1494.51, 1706.33, 1897.98, 2109.14, 2345.18, 2559.16, 2816.71, 3082.25, 3348.86, 3628.27, 3912.8, 4178.35, 4417.18, 4711.0, 4980.2, 5240.41, 5485.55, 5803.06, 6091.78, 6359.61, 6613.65, 6964.89, 7228.55, 7466.82, 7824.03, 8148.18, 8510.93, 8793.85, 9208.54, 9650.77, 10079.11, 10344.25, 10713.73, 11134.92, 11554.08, 11975.11, 12479.38, 12381.6, 12763.8, 13217.8, 13216.67, 13490.0, 13788.0, 14617.0, 15292.0, 15615.0, 16029.0, 16526.0]"
FLY,2017,Summer,"[0.0, 0.61, -15.68, -30.04, -0.61, -144.29, -110.14, -216.75, -128.54, -303.43, -295.0, -336.21, -262.39, -503.64, -673.86, -683.43, -910.04, -915.29, -1170.39, -1144.93, -1508.21, -1400.43, -1668.46, -1918.32, -1747.81, -1935.85, -2973.27, -3052.92, -2293.12, -3157.17, -2891.5, -3197.39, -4202.82, -4469.0, -4484.67, -4841.23, -3831.09, -2552.89, -3979.5, -3472.12, -2082.71, -1848.71, 1742.0, 2249.25, -1395.0, -1549.0, -1558.0, -1198.5, -3240.0, -1682.0, 1113.0]",Blue,"[51, 51, 51, 51, 51, 51, 51, 51, 51, 51, 51, 51, 51, 51, 51, 51, 51, 51, 51, 51, 51, 51, 51, 51, 50, 50, 49, 48, 45, 44, 38, 35, 33, 30, 27, 24, 22, 19, 16, 15, 13, 12, 9, 8, 5, 5, 5, 3, 3, 2, 2, 1, 1, 1, 1]","[500.0, 500.0, 514.39, 816.61, 1163.96, 1502.43, 1831.32, 2154.54, 2491.43, 2819.71, 3218.5, 3576.82, 3948.5, 4276.71, 4655.5, 5043.5, 5428.93, 5830.07, 6192.14, 6562.79, 6926.5, 7338.36, 7707.32, 8087.11, 8468.44, 8842.15, 9248.38, 9622.42, 9972.17, 10262.65, 10733.89, 11102.94, 11405.29, 11688.67, 12093.33, 12525.23, 13057.18, 13661.56, 13903.12, 14301.5, 14980.71, 15418.86, 16338.25, 16787.5, 17329.0, 17706.5, 18090.0, 18678.5, 18934.0, 20972.0, 21408.0]","[500.0, 500.0, 597.64, 1003.79, 1329.79, 1594.07, 1902.36, 2190.46, 2490.86, 2798.0, 3099.32, 3419.39, 3756.39, 4063.04, 4384.36, 4695.86, 5043.46, 5381.0, 5688.68, 6063.29, 6426.32, 6746.57, 7060.32, 7328.18, 7666.3, 7991.67, 8210.27, 8571.69, 8985.21, 9253.43, 9490.17, 9800.33, 10085.35, 10257.8, 10631.47, 10997.31, 11380.64, 11807.78, 12112.62, 12439.38, 12928.71, 13199.0, 14013.75, 14456.75, 14382.0, 14862.5, 15105.5, 15340.5, 15582.5, 17323.0, 17726.0]","[500.0, 500.0, 557.0, 890.5, 1248.32, 1571.39, 1898.04, 2229.07, 2619.04, 2964.32, 3340.93, 3756.11, 4139.07, 4467.14, 4890.82, 5309.96, 5666.68, 6071.43, 6482.79, 6873.43, 7303.0, 7729.32, 8076.0, 8443.5, 8900.33, 9307.44, 9586.12, 10020.58, 10501.83, 10737.17, 11295.67, 11672.78, 12032.18, 12389.67, 12859.73, 13198.38, 13530.09, 13983.22, 14563.88, 15034.38, 15766.86, 16426.43, 16537.5, 16925.75, 16869.0, 17261.0, 17601.5, 17937.0, 18326.0, 19662.0, 20023.0]","[500.0, 500.0, 515.71, 818.29, 1168.32, 1493.54, 1816.93, 2143.21, 2520.21, 2855.18, 3179.14, 3569.21, 3976.64, 4387.75, 4771.46, 5110.64, 5519.21, 5984.79, 6358.96, 6797.14, 7226.79, 7679.89, 8066.68, 8485.79, 8951.15, 9424.59, 9775.35, 10327.27, 10802.54, 11198.43, 11624.67, 12069.56, 12397.29, 12951.0, 13381.4, 13930.46, 14388.55, 15078.0, 15269.0, 15823.25, 16319.29, 16762.0, 18745.75, 19438.25, 20185.5, 20724.0, 21092.0, 21572.0, 21982.0, 22133.0, 23399.0]","[500.0, 500.96, 508.11, 702.96, 892.89, 1093.32, 1295.64, 1496.5, 1718.57, 1915.71, 2107.04, 2344.75, 2554.5, 2820.36, 3077.11, 3360.07, 3658.64, 3937.29, 4193.46, 4445.57, 4709.5, 4993.79, 5252.36, 5493.39, 5817.89, 6119.7, 6365.77, 6727.15, 7124.71, 7350.96, 7591.83, 7863.17, 8155.18, 8530.27, 8891.33, 9251.15, 9666.27, 10247.11, 10329.5, 10676.38, 11162.71, 11626.29, 12152.5, 12607.75, 12045.5, 12525.5, 12804.0, 13068.0, 13365.5, 13617.0, 14659.0]"
FLY,2017,Summer,"[0.0, -1.09, -44.09, -25.83, -32.39, 20.61, 160.96, 174.87, 121.83, 238.04, 200.87, 350.65, 305.0, 484.78, 331.39, 355.61, 401.65, 500.04, 661.0, 948.87, 963.09, 1164.09, 1324.35, 1448.87, 1499.09, 1992.57, 2486.91, 3501.59, 3471.33, 3240.86, 3318.7, 1917.29, 1404.69, 1711.8, 1801.67, 867.0, 250.36, 614.8, 92.25, 175.0, 1071.33, 2147.4, 2115.4, 1354.5, 2919.0, 2493.33, 1664.67, 2678.0, 2788.0, 5494.0, 3402.0, 1881.0, 1421.0, 279.0, -1407.0]",Red,"[51, 51, 51, 51, 51, 51, 51, 51, 51, 51, 51, 51, 51, 51, 51, 51, 51, 51, 51, 51, 51, 51, 51, 51, 50, 50, 49, 48, 45, 44, 38, 35, 33, 30, 27, 24, 22, 19, 16, 15, 13, 12, 9, 8, 5, 5, 5, 3, 3, 2, 2, 1, 1, 1, 1]","[500.0, 500.0, 517.17, 814.96, 1143.39, 1517.04, 1807.3, 2127.91, 2484.52, 2824.35, 3198.17, 3539.17, 3897.0, 4231.22, 4649.61, 5015.3, 5383.7, 5763.22, 6148.13, 6436.48, 6841.78, 7177.83, 7555.96, 7915.91, 8325.13, 8690.13, 9064.7, 9354.27, 9705.67, 10113.86, 10458.85, 11044.06, 11512.56, 11829.27, 12157.33, 12729.09, 13164.82, 13577.9, 13891.88, 14054.71, 14569.17, 14771.8, 15091.2, 14958.75, 15437.33, 15730.67, 16243.0, 15540.0, 16033.0, 16319.0, 16963.0, 17580.0, 18284.0, 18795.0, 19205.0]","[500.0, 500.0, 612.22, 1024.65, 1345.22, 1628.52, 1896.74, 2197.83, 2562.61, 2863.96, 3134.57, 3426.48, 3713.74, 3991.22, 4343.96, 4707.04, 5051.83, 5397.43, 5708.78, 6039.57, 6411.26, 6728.13, 7033.39, 7331.61, 7646.83, 7939.52, 8217.0, 8420.55, 8700.57, 9043.19, 9340.55, 9744.06, 10156.5, 10445.67, 10439.08, 10918.73, 11356.82, 11550.9, 11903.62, 12066.57, 12212.0, 12546.8, 12888.4, 13712.5, 13964.67, 14325.33, 14819.0, 14350.0, 14661.0, 14827.0, 15240.0, 15858.0, 16138.0, 16505.0, 16789.0]","[500.0, 500.0, 570.17, 881.57, 1204.91, 1533.09, 1824.7, 2156.83, 2513.83, 2901.65, 3291.65, 3681.83, 4042.83, 4406.74, 4882.61, 5304.0, 5731.43, 6136.74, 6559.39, 6911.52, 7332.26, 7714.26, 8117.0, 8463.43, 8866.91, 9272.3, 9664.39, 9973.32, 10374.14, 10836.62, 11287.75, 11871.82, 12353.75, 12886.2, 13269.5, 13650.73, 14224.91, 14589.5, 15137.5, 15887.86, 16157.33, 16816.0, 17269.6, 17941.5, 18464.67, 18795.67, 19163.0, 18649.0, 18821.0, 19206.0, 19635.0, 20317.0, 20664.0, 20978.0, 21599.0]","[500.0, 500.0, 562.94, 886.47, 1228.75, 1554.12, 1864.96, 2196.49, 2571.59, 2936.06, 3318.71, 3722.61, 4095.67, 4439.9, 4887.12, 5307.27, 5695.88, 6100.88, 6517.33, 6890.61, 7316.2, 7722.53, 8094.49, 8452.49, 8884.96, 9291.28, 9622.86, 9998.92, 10442.24, 10784.64, 11291.5, 11769.46, 12188.09, 12637.93, 13041.85, 13405.71, 13877.5, 14302.32, 14850.69, 15432.67, 15947.08, 16588.75, 16944.22, 17433.62, 17826.4, 18181.8, 18538.4, 18174.33, 18491.0, 19434.0, 19829.0, 20317.0, 20664.0, 20978.0, 21599.0]","[500.0, 501.74, 514.78, 717.7, 907.96, 1089.39, 1277.96, 1492.09, 1691.43, 1876.39, 2111.7, 2345.7, 2564.83, 2812.26, 3088.52, 3335.22, 3591.3, 3883.0, 4159.96, 4382.61, 4712.83, 4963.65, 5225.87, 5476.0, 5785.65, 6059.0, 6352.65, 6479.5, 6782.24, 7094.48, 7354.3, 7782.59, 8140.75, 8491.6, 8672.0, 9158.18, 9635.27, 9927.9, 10359.0, 10756.43, 11102.5, 11453.0, 11833.2, 12351.0, 12605.67, 12922.67, 13493.67, 13514.0, 13739.0, 13959.0, 14575.0, 15292.0, 15615.0, 16029.0, 16526.0]"
FOX,2017,Summer,"[0.0, -0.35, -6.93, 22.91, -10.09, 11.44, 41.14, 143.37, 204.84, 126.19, 79.05, 158.53, 276.05, 211.74, 168.37, 345.65, 180.65, 100.84, 172.14, 280.14, 384.3, 468.26, 708.05, 923.88, 94.48, -7.48, 236.4, 210.3, 378.34, -401.31, 561.0, 719.43, 271.5, -42.36, -241.39, -1072.5, -831.11, -1274.94, -825.29, -148.75, -1502.45, 501.89, -42.44, -1996.17, -3317.6, -3109.4, -3357.6, -1725.67, -1686.33, 807.0, 1600.5, 3576.0, 2052.0, 2361.0, 1689.0, 2206.0, 2482.0, 2538.0, 3179.0, 633.0, -827.0, -1822.0]",Both,"[43, 43, 43, 43, 43, 43, 43, 43, 43, 43, 43, 43, 43, 43, 43, 43, 43, 43, 43, 43, 43, 43, 42, 42, 40, 40, 40, 40, 38, 32, 30, 30, 26, 25, 23, 20, 19, 18, 14, 12, 11, 9, 9, 6, 5, 5, 5, 3, 3, 2, 2, 1, 1, 1, 1, 1, 1, 1, 1, 1, 1, 1]","[500.0, 500.0, 510.28, 837.12, 1168.26, 1503.19, 1812.58, 2143.63, 2460.0, 2775.98, 3123.77, 3510.0, 3859.88, 4266.65, 4653.33, 5022.02, 5385.7, 5732.51, 6116.23, 6544.95, 6946.47, 7289.44, 7682.48, 8078.0, 8508.42, 8868.55, 9267.2, 9614.22, 10008.87, 10609.69, 11004.5, 11388.5, 11868.5, 12282.08, 12407.7, 13147.3, 13547.05, 13966.22, 14224.07, 14514.08, 14883.82, 15291.0, 15723.33, 16095.83, 16808.2, 17126.0, 17468.4, 17953.67, 18470.33, 18987.0, 19213.5, 20662.0, 21000.0, 21361.0, 21586.0, 22202.0, 22394.0, 23119.0, 23491.0, 23612.0, 24142.0, 24388.0]","[500.0, 500.0, 584.77, 965.6, 1285.86, 1607.0, 1916.35, 2195.4, 2524.77, 2813.72, 3150.4, 3448.77, 3772.19, 4091.93, 4432.95, 4772.79, 5101.0, 5422.91, 5720.21, 6087.53, 6409.49, 6698.49, 7018.57, 7322.43, 7672.12, 7970.82, 8287.02, 8593.6, 8923.74, 9396.31, 9721.23, 10031.8, 10415.92, 10653.64, 10898.7, 11423.6, 11681.0, 12047.72, 12471.57, 13023.83, 13225.36, 13600.89, 14107.78, 14396.0, 14951.8, 15291.4, 15658.2, 16576.33, 17016.33, 17137.5, 17411.5, 17803.0, 17971.0, 18227.0, 18516.0, 18810.0, 19145.0, 19317.0, 19860.0, 20073.0, 20513.0, 20685.0]","[500.0, 500.0, 578.12, 919.86, 1268.51, 1612.23, 1962.51, 2299.49, 2686.23, 3065.44, 3502.0, 3907.16, 4335.14, 4729.0, 5154.72, 5582.7, 5987.53, 6418.7, 6820.0, 7250.63, 7671.51, 8085.47, 8500.19, 8935.4, 9412.5, 9783.05, 10238.88, 10663.95, 11063.53, 11607.75, 12016.27, 12386.87, 12781.12, 13162.0, 13525.13, 14194.9, 14510.58, 15069.83, 15701.0, 16160.67, 16297.73, 17105.33, 17619.89, 18006.5, 18315.6, 18714.2, 19209.6, 19915.67, 20432.0, 20321.5, 20747.0, 20815.0, 20938.0, 21150.0, 21272.0, 21395.0, 21517.0, 21899.0, 22271.0, 22443.0, 22566.0, 22688.0]","[500.0, 500.0, 511.93, 821.21, 1155.26, 1486.44, 1825.35, 2157.74, 2526.72, 2840.44, 3203.35, 3594.26, 3920.42, 4291.4, 4673.09, 5044.53, 5418.07, 5807.28, 6166.77, 6530.19, 6899.44, 7298.35, 7688.6, 8062.36, 8483.65, 8871.05, 9264.9, 9655.4, 10059.87, 10638.69, 11091.73, 11481.83, 11999.69, 12422.16, 12862.57, 13429.15, 13836.53, 14254.67, 14803.0, 15603.42, 15982.64, 16399.44, 17131.0, 17232.17, 17646.6, 18196.0, 18636.4, 19062.67, 19752.67, 19617.5, 20023.5, 19938.0, 20188.0, 21623.0, 22100.0, 22802.0, 23252.0, 23613.0, 24098.0, 24240.0, 24364.0, 24882.0]","[500.0, 500.07, 508.05, 691.16, 888.35, 1077.65, 1267.19, 1456.81, 1661.51, 1849.33, 2047.35, 2272.63, 2495.58, 2749.7, 2996.88, 3230.95, 3491.23, 3732.58, 3994.86, 4290.51, 4539.26, 4809.65, 5073.67, 5359.57, 5698.7, 5958.98, 6259.48, 6554.6, 6799.82, 7230.56, 7554.37, 7842.1, 8190.92, 8492.36, 8753.87, 9220.6, 9504.74, 9828.83, 10199.86, 10555.92, 10684.45, 11089.11, 11573.56, 11818.67, 12180.6, 12549.4, 12992.6, 13650.67, 14060.0, 14447.0, 14698.5, 14924.0, 15231.0, 15662.0, 15849.0, 16042.0, 16374.0, 16716.0, 17257.0, 17527.0, 17720.0, 18017.0]"
FOX,2017,Summer,"[0.0, -0.65, -19.78, -11.17, -17.0, -15.91, 98.43, 159.65, 256.35, 144.52, 139.35, 84.57, 210.96, 153.35, -5.57, -13.96, -196.78, -427.91, -394.04, -213.48, -252.17, -329.87, -318.55, -146.14, -667.32, -1151.95, -1088.82, -1306.23, -1793.3, -952.0, 30.24, -35.29, -24.4, -550.5, -1174.0, 51.73, 235.0, -21.5, 149.71, 2066.0, -725.75, 4597.33, 5316.0, -343.5, -37.5, -336.5, -486.0, 5495.0, 7075.0, 7493.0, 6885.0, 3576.0, 2052.0, 2361.0, 1689.0, 2206.0, 2482.0, 2538.0, 3179.0, 633.0, -827.0, -1822.0]",Blue,"[43, 43, 43, 43, 43, 43, 43, 43, 43, 43, 43, 43, 43, 43, 43, 43, 43, 43, 43, 43, 43, 43, 42, 42, 40, 40, 40, 40, 38, 32, 30, 30, 26, 25, 23, 20, 19, 18, 14, 12, 11, 9, 9, 6, 5, 5, 5, 3, 3, 2, 2, 1, 1, 1, 1, 1, 1, 1, 1, 1, 1, 1]","[500.0, 500.0, 509.17, 847.74, 1181.39, 1509.48, 1824.87, 2172.17, 2493.83, 2794.78, 3138.39, 3550.26, 3906.7, 4322.61, 4714.74, 5098.22, 5426.83, 5766.48, 6124.22, 6576.13, 6966.39, 7335.61, 7771.09, 8169.73, 8602.23, 8957.14, 9385.27, 9729.05, 10143.2, 10765.83, 11300.59, 11716.59, 12164.47, 12602.21, 12674.58, 13413.45, 13929.3, 14307.8, 14470.43, 14874.0, 15364.5, 16439.67, 16984.0, 16362.0, 16721.5, 16995.5, 17239.0, 19149.0, 19698.0, 20285.0, 20541.0, 20662.0, 21000.0, 21361.0, 21586.0, 22202.0, 22394.0, 23119.0, 23491.0, 23612.0, 24142.0, 24388.0]","[500.0, 500.0, 594.04, 976.87, 1302.48, 1613.87, 1922.3, 2218.65, 2583.87, 2848.96, 3203.78, 3516.61, 3850.04, 4186.39, 4545.83, 4901.17, 5204.48, 5505.39, 5801.65, 6170.0, 6492.87, 6773.0, 7115.82, 7442.77, 7736.64, 8030.95, 8351.36, 8657.73, 9014.85, 9378.83, 9788.71, 10129.71, 10465.13, 10618.21, 10844.33, 11301.18, 11531.1, 11907.7, 12345.71, 13139.0, 13103.75, 13986.67, 14446.33, 14259.5, 14640.5, 14965.0, 15273.5, 16442.0, 16901.0, 17257.0, 17638.0, 17803.0, 17971.0, 18227.0, 18516.0, 18810.0, 19145.0, 19317.0, 19860.0, 20073.0, 20513.0, 20685.0]","[500.0, 500.0, 576.57, 912.83, 1268.87, 1620.13, 1959.52, 2300.65, 2685.0, 3082.83, 3528.48, 3961.35, 4432.7, 4815.91, 5244.09, 5706.52, 6096.91, 6528.96, 6913.17, 7354.96, 7779.04, 8171.09, 8583.27, 9059.86, 9476.14, 9854.59, 10321.18, 10786.91, 11131.3, 11629.06, 12168.82, 12573.88, 12928.4, 13277.71, 13654.83, 14144.82, 14495.1, 15021.7, 15765.86, 16355.2, 16057.5, 17379.33, 17779.67, 17373.0, 17708.5, 18014.0, 18441.5, 19224.0, 19871.0, 20214.0, 20594.0, 20815.0, 20938.0, 21150.0, 21272.0, 21395.0, 21517.0, 21899.0, 22271.0, 22443.0, 22566.0, 22688.0]","[500.0, 500.0, 507.91, 822.83, 1151.48, 1493.83, 1828.17, 2180.04, 2536.04, 2850.65, 3194.96, 3590.39, 3950.74, 4327.91, 4717.91, 5101.43, 5452.09, 5800.04, 6163.91, 6543.13, 6891.43, 7243.13, 7656.82, 8029.05, 8383.82, 8752.05, 9179.77, 9504.0, 9883.7, 10376.72, 10879.41, 11296.88, 11723.8, 12119.79, 12442.17, 12866.55, 13185.3, 13607.4, 13979.71, 15036.6, 15151.25, 15924.33, 16562.67, 16175.5, 16722.5, 17189.0, 17653.5, 18211.0, 18878.0, 19128.0, 19817.0, 19938.0, 20188.0, 21623.0, 22100.0, 22802.0, 23252.0, 23613.0, 24098.0, 24240.0, 24364.0, 24882.0]","[500.0, 500.13, 504.91, 691.7, 884.35, 1080.65, 1250.13, 1434.26, 1640.7, 1828.52, 2033.83, 2263.52, 2506.83, 2784.04, 3027.04, 3279.17, 3511.26, 3755.74, 4023.22, 4352.35, 4604.17, 4875.04, 5139.5, 5440.82, 5748.5, 6003.82, 6311.73, 6564.55, 6752.3, 7071.83, 7445.53, 7747.59, 8063.33, 8366.5, 8581.0, 8951.18, 9231.0, 9581.3, 10173.14, 10597.2, 10345.0, 11016.67, 11488.0, 11539.0, 11932.0, 12195.0, 12550.5, 13321.0, 13880.0, 14422.0, 14739.0, 14924.0, 15231.0, 15662.0, 15849.0, 16042.0, 16374.0, 16716.0, 17257.0, 17527.0, 17720.0, 18017.0]"
FOX,2017,Summer,"[0.0, 0.0, 7.85, 62.1, -2.15, 42.9, -24.75, 124.65, 145.6, 105.1, 9.7, 243.6, 350.9, 278.9, 368.4, 759.2, 614.7, 708.9, 823.25, 847.8, 1116.25, 1386.1, 1837.3, 2100.9, 1025.56, 1391.33, 1856.11, 2063.83, 2791.28, 306.71, 1255.08, 1706.38, 675.0, 604.36, 776.0, -2446.56, -2015.67, -2841.75, -1800.29, -1730.71, -1946.29, -1545.83, -2721.67, -2822.5, -5504.33, -4958.0, -5272.0, -5336.0, -6067.0, -5879.0, -3684.0]",Red,"[43, 43, 43, 43, 43, 43, 43, 43, 43, 43, 43, 43, 43, 43, 43, 43, 43, 43, 43, 43, 43, 43, 42, 42, 40, 40, 40, 40, 38, 32, 30, 30, 26, 25, 23, 20, 19, 18, 14, 12, 11, 9, 9, 6, 5, 5, 5, 3, 3, 2, 2, 1, 1, 1, 1, 1, 1, 1, 1, 1, 1, 1]","[500.0, 500.0, 511.55, 824.9, 1153.15, 1495.95, 1798.45, 2110.8, 2421.1, 2754.35, 3106.95, 3463.7, 3806.05, 4202.3, 4582.7, 4934.4, 5338.4, 5693.45, 6107.05, 6509.1, 6923.55, 7236.35, 7585.0, 7977.1, 8393.78, 8760.28, 9122.89, 9473.89, 9859.61, 10408.93, 10617.31, 10959.46, 11464.91, 11874.64, 12116.55, 12822.0, 13122.33, 13539.25, 13977.71, 14257.0, 14609.14, 14716.67, 15093.0, 15962.75, 16866.0, 17213.0, 17621.33, 17356.0, 17856.5, 17689.0, 17886.0]","[500.0, 500.0, 574.1, 952.65, 1266.75, 1599.1, 1909.5, 2168.65, 2456.8, 2773.2, 3089.0, 3370.75, 3682.65, 3983.3, 4303.15, 4625.15, 4982.0, 5328.05, 5626.55, 5992.7, 6313.6, 6612.8, 6911.6, 7190.05, 7593.28, 7897.33, 8208.39, 8515.22, 8822.5, 9418.79, 9633.0, 9903.77, 10348.82, 10698.73, 10958.0, 11573.22, 11847.56, 12222.75, 12597.43, 12941.57, 13294.86, 13408.0, 13938.5, 14464.25, 15159.33, 15509.0, 15914.67, 16643.5, 17074.0, 17018.0, 17185.0]","[500.0, 500.0, 579.9, 927.95, 1268.1, 1603.15, 1965.95, 2298.15, 2687.65, 3045.45, 3471.55, 3844.85, 4222.95, 4629.05, 5051.95, 5440.3, 5861.75, 6291.9, 6712.85, 7130.65, 7547.85, 7987.0, 8408.8, 8798.5, 9334.72, 9695.61, 10138.28, 10513.67, 10988.22, 11580.36, 11816.77, 12142.31, 12580.27, 13014.73, 13383.64, 14256.11, 14527.78, 15130.0, 15636.14, 16021.71, 16435.0, 16968.33, 17540.0, 18323.25, 18720.33, 19181.0, 19721.67, 20261.5, 20712.5, 20429.0, 20900.0]","[500.0, 500.0, 578.12, 919.86, 1268.51, 1612.23, 1962.51, 2299.49, 2686.23, 3065.44, 3502.0, 3907.16, 4335.14, 4729.0, 5154.72, 5582.7, 5987.53, 6418.7, 6820.0, 7250.63, 7671.51, 8085.47, 8500.19, 8935.4, 9412.5, 9783.05, 10238.88, 10663.95, 11063.53, 11607.75, 12016.27, 12386.87, 12781.12, 13162.0, 13525.13, 14194.9, 14510.58, 15069.83, 15701.0, 16160.67, 16297.73, 17105.33, 17619.89, 18006.5, 18315.6, 18714.2, 19209.6, 19915.67, 20432.0, 20321.5, 20747.0, 20815.0, 20938.0, 21150.0, 21272.0, 21395.0, 21517.0, 21899.0, 22271.0, 22443.0, 22566.0, 22688.0]","[500.0, 500.0, 511.65, 690.55, 892.95, 1074.2, 1286.8, 1482.75, 1685.45, 1873.25, 2062.9, 2283.1, 2482.65, 2710.2, 2962.2, 3175.5, 3468.2, 3705.95, 3962.25, 4219.4, 4464.6, 4734.45, 5001.25, 5270.2, 5637.83, 5904.17, 6195.61, 6542.44, 6852.61, 7434.64, 7696.69, 7965.69, 8364.91, 8652.55, 8942.45, 9549.89, 9808.89, 10138.25, 10226.57, 10526.43, 10878.43, 11125.33, 11616.33, 11958.5, 12346.33, 12785.67, 13287.33, 13815.5, 14150.0, 14472.0, 14658.0]"
IMT,2017,Summer,"[0.0, 0.44, -2.25, 2.13, 46.69, 127.6, 148.0, 210.79, 248.73, 297.38, 146.67, 151.65, 92.52, 177.25, 218.79, 303.69, 581.27, 747.85, 745.96, 750.35, 863.63, 1068.42, 1070.75, 1083.65, 966.2, 867.2, 970.73, 440.36, -329.19, -133.0, -361.68, -1071.13, -1130.25, -1395.18, -1640.4, -97.33, 429.65, -110.16, -3569.4, -1632.18, -2001.82, -854.9, -3516.83, -2595.2, -2891.2, -104.5, -1821.0, -208.0, -565.0, 3408.0]",Both,"[52, 52, 52, 52, 52, 52, 52, 52, 52, 52, 52, 52, 52, 52, 52, 52, 52, 52, 52, 52, 52, 52, 52, 52, 49, 49, 49, 47, 43, 42, 40, 39, 36, 33, 25, 21, 20, 19, 15, 11, 11, 10, 6, 5, 5, 4, 3, 1, 1, 1]","[500.0, 500.0, 520.5, 843.77, 1174.87, 1534.12, 1829.87, 2166.85, 2527.94, 2868.58, 3228.15, 3587.73, 3981.96, 4391.73, 4779.0, 5160.65, 5565.0, 5953.87, 6334.04, 6732.77, 7147.15, 7539.27, 7996.63, 8449.77, 8772.76, 9199.78, 9630.22, 10076.87, 10341.81, 10685.67, 11041.9, 11400.74, 11912.11, 12390.61, 12741.16, 13143.9, 13493.6, 13974.42, 14538.6, 14473.18, 14853.82, 15220.2, 14892.17, 15301.8, 15757.2, 16658.25, 18002.67, 18346.0, 18861.0, 19612.0]","[500.0, 500.0, 609.13, 960.73, 1291.6, 1613.54, 1890.13, 2206.37, 2527.69, 2808.4, 3126.54, 3461.23, 3756.12, 4096.77, 4454.02, 4833.35, 5170.5, 5515.29, 5833.42, 6166.63, 6567.33, 6900.25, 7274.25, 7663.48, 7874.06, 8256.59, 8591.69, 8955.94, 9233.72, 9493.36, 9801.8, 10133.49, 10603.31, 11012.52, 11301.08, 11586.71, 11903.55, 12310.26, 12643.33, 12656.36, 13001.0, 13380.4, 13173.83, 13420.0, 13817.6, 14323.5, 15020.33, 15716.0, 15909.0, 16697.0]","[500.0, 500.0, 563.67, 894.23, 1237.37, 1595.44, 1929.04, 2294.21, 2667.63, 3051.92, 3453.12, 3891.67, 4292.73, 4730.83, 5166.75, 5613.15, 6043.5, 6476.04, 6878.48, 7280.75, 7743.94, 8140.48, 8602.08, 9062.06, 9389.16, 9849.82, 10330.24, 10754.09, 11145.74, 11569.4, 11920.25, 12301.69, 12904.0, 13409.33, 13989.24, 14576.1, 14900.8, 15407.84, 15774.33, 15750.0, 16141.09, 16519.9, 16708.5, 17277.2, 17819.6, 18323.75, 18857.33, 17890.0, 18201.0, 19593.0]","[500.0, 500.0, 516.54, 847.44, 1200.21, 1581.54, 1903.9, 2244.15, 2621.52, 2975.9, 3322.04, 3755.88, 4146.08, 4578.1, 5012.96, 5428.44, 5872.1, 6330.94, 6751.02, 7177.46, 7608.94, 8018.37, 8492.83, 9002.46, 9335.51, 9817.29, 10273.61, 10808.36, 11190.74, 11616.83, 12094.98, 12500.03, 13099.19, 13633.21, 14126.52, 14314.0, 14875.75, 15485.42, 15648.2, 16001.73, 16589.91, 17231.2, 17585.5, 18068.2, 18553.8, 19380.75, 19568.0, 19693.0, 20224.0, 21827.0]","[500.0, 501.04, 512.94, 703.85, 898.77, 1111.33, 1292.44, 1500.73, 1705.25, 1911.4, 2110.08, 2346.62, 2564.58, 2869.38, 3149.56, 3433.65, 3729.88, 4014.04, 4288.25, 4578.92, 4897.79, 5192.94, 5514.56, 5865.0, 6072.39, 6399.98, 6704.94, 7026.26, 7237.98, 7537.26, 7776.08, 8055.9, 8443.25, 8776.45, 9147.44, 9461.1, 9784.75, 10234.37, 10451.87, 10757.45, 11101.09, 11502.6, 11608.0, 11661.2, 12015.0, 12663.5, 13519.33, 12502.0, 12688.0, 13312.0]"
IMT,2017,Summer,"[0.0, 0.35, 29.27, 75.35, 133.15, 339.42, 344.54, 463.73, 605.96, 657.0, 495.88, 675.73, 712.65, 1048.19, 1148.38, 1290.69, 1646.08, 1997.0, 2114.31, 2200.5, 2498.96, 2771.96, 3071.42, 3394.12, 2509.08, 2745.42, 3048.42, 3001.22, 1649.5, 1584.55, 1018.53, -348.22, 1118.88, 994.81, 1192.18, 3660.5, 3987.75, 4423.12, 656.4, 199.8, -192.6, 950.4, -4182.0, -3159.67, -3445.67, 1514.0, 1488.0, -208.0, -565.0, 3408.0]",Blue,"[52, 52, 52, 52, 52, 52, 52, 52, 52, 52, 52, 52, 52, 52, 52, 52, 52, 52, 52, 52, 52, 52, 52, 52, 49, 49, 49, 47, 43, 42, 40, 39, 36, 33, 25, 21, 20, 19, 15, 11, 11, 10, 6, 5, 5, 4, 3, 1, 1, 1]","[500.0, 500.0, 514.0, 842.42, 1168.31, 1547.23, 1842.23, 2188.27, 2577.92, 2912.88, 3277.54, 3624.96, 3998.15, 4426.96, 4823.08, 5208.96, 5646.23, 6041.81, 6409.62, 6817.12, 7243.08, 7657.62, 8125.77, 8589.96, 8915.96, 9342.08, 9768.58, 10089.0, 10192.3, 10550.8, 10870.05, 11197.61, 11708.88, 12143.69, 12322.0, 12825.88, 13239.12, 13698.12, 13851.6, 14077.2, 14364.4, 14890.0, 15011.25, 15588.33, 16008.33, 17799.0, 18243.5, 18346.0, 18861.0, 19612.0]","[500.0, 500.0, 613.46, 960.42, 1311.12, 1653.08, 1922.69, 2267.77, 2601.58, 2872.46, 3169.58, 3511.15, 3779.42, 4139.27, 4493.0, 4864.27, 5258.42, 5602.5, 5933.12, 6305.46, 6697.85, 7052.5, 7479.58, 7871.38, 8074.88, 8437.0, 8773.42, 9109.61, 9336.85, 9630.2, 9916.0, 10215.0, 10711.62, 11044.56, 11342.36, 11778.62, 12122.38, 12461.88, 12458.8, 12702.4, 12996.6, 13432.0, 13150.75, 13380.0, 13866.33, 14731.0, 14925.0, 15716.0, 15909.0, 16697.0]","[500.0, 500.0, 556.85, 881.38, 1245.92, 1631.04, 1967.31, 2345.31, 2707.69, 3077.65, 3462.88, 3903.19, 4282.92, 4725.92, 5126.58, 5563.19, 6033.85, 6525.12, 6928.54, 7318.65, 7787.85, 8203.23, 8691.96, 9173.08, 9512.21, 9932.33, 10369.33, 10739.35, 10934.5, 11354.25, 11696.58, 11980.33, 12605.81, 13040.31, 13655.91, 14558.88, 14901.0, 15437.62, 14854.8, 15206.8, 15531.2, 16072.2, 15947.0, 16428.67, 16968.33, 17229.0, 17530.5, 17890.0, 18201.0, 19593.0]","[500.0, 500.0, 517.62, 857.92, 1173.62, 1572.65, 1897.5, 2261.42, 2632.92, 2971.58, 3293.62, 3726.81, 4102.88, 4524.04, 5015.85, 5446.19, 5912.58, 6394.54, 6839.81, 7265.0, 7738.73, 8158.23, 8643.38, 9164.81, 9471.46, 9933.38, 10399.42, 10879.74, 11198.4, 11658.95, 12100.0, 12452.0, 13089.25, 13615.0, 14231.64, 14484.0, 15005.0, 15623.5, 15349.8, 15876.4, 16315.2, 17189.8, 17175.0, 17555.0, 18167.33, 19320.0, 19506.0, 19693.0, 20224.0, 21827.0]","[500.0, 501.46, 512.85, 706.58, 904.42, 1121.5, 1305.81, 1519.5, 1726.31, 1925.54, 2102.62, 2342.69, 2551.42, 2855.73, 3151.0, 3414.96, 3721.19, 4032.73, 4328.08, 4651.88, 4994.88, 5322.54, 5682.62, 6027.23, 6227.21, 6536.5, 6849.79, 7144.13, 7290.9, 7590.4, 7879.68, 8109.39, 8476.38, 8829.12, 9225.09, 9815.75, 10135.62, 10584.25, 10638.6, 10874.2, 11131.2, 11621.8, 11466.5, 11357.0, 11785.33, 12733.0, 12934.0, 12502.0, 12688.0, 13312.0]"
IMT,2017,Summer,"[0.0, 0.54, -33.77, -71.08, -39.77, -84.23, -48.54, -42.15, -108.5, -62.23, -202.54, -372.42, -527.62, -693.69, -710.81, -683.31, -483.54, -501.31, -622.38, -699.81, -771.69, -635.12, -929.92, -1226.81, -514.96, -935.88, -1023.84, -2013.79, -2049.78, -1694.41, -1610.43, -1690.76, -2929.55, -3644.59, -3866.0, -2409.85, -1942.42, -3407.09, -5682.3, -3158.83, -3509.5, -2660.2, -2186.5, -1748.5, -2059.5, -1723.0, -8439.0]",Red,"[52, 52, 52, 52, 52, 52, 52, 52, 52, 52, 52, 52, 52, 52, 52, 52, 52, 52, 52, 52, 52, 52, 52, 52, 49, 49, 49, 47, 43, 42, 40, 39, 36, 33, 25, 21, 20, 19, 15, 11, 11, 10, 6, 5, 5, 4, 3, 1, 1, 1]","[500.0, 500.0, 527.0, 845.12, 1181.42, 1521.0, 1817.5, 2145.42, 2477.96, 2824.27, 3178.77, 3550.5, 3965.77, 4356.5, 4734.92, 5112.35, 5483.77, 5865.92, 6258.46, 6648.42, 7051.23, 7420.92, 7867.5, 8309.58, 8635.28, 9063.16, 9497.4, 10065.25, 10471.83, 10808.27, 11197.38, 11574.86, 12074.7, 12623.0, 13070.5, 13339.62, 13663.25, 14175.36, 14882.1, 14803.17, 15261.67, 15550.4, 14654.0, 14872.0, 15380.5, 15517.5, 17521.0]","[500.0, 500.0, 604.81, 961.04, 1272.08, 1574.0, 1857.58, 2144.96, 2453.81, 2744.35, 3083.5, 3411.31, 3732.81, 4054.27, 4415.04, 4802.42, 5082.58, 5428.08, 5733.73, 6027.81, 6436.81, 6748.0, 7068.92, 7455.58, 7681.28, 8083.4, 8417.24, 8808.67, 9144.04, 9368.95, 9698.48, 10063.62, 10516.65, 10982.35, 11268.64, 11468.62, 11757.67, 12200.0, 12735.6, 12618.0, 13004.67, 13328.8, 13220.0, 13480.0, 13744.5, 13916.0, 15211.0]","[500.0, 500.0, 570.5, 907.08, 1228.81, 1559.85, 1890.77, 2243.12, 2627.58, 3026.19, 3443.35, 3880.15, 4302.54, 4735.73, 5206.92, 5663.12, 6053.15, 6426.96, 6828.42, 7242.85, 7700.04, 8077.73, 8512.19, 8951.04, 9271.04, 9770.6, 10292.72, 10768.21, 11329.43, 11765.0, 12122.62, 12577.14, 13142.55, 13756.65, 14251.14, 14586.69, 14900.67, 15386.18, 16234.1, 16202.67, 16649.33, 16967.6, 18231.5, 18550.0, 19096.5, 19418.5, 21511.0]","[500.0, 500.0, 563.67, 894.23, 1237.37, 1595.44, 1929.04, 2294.21, 2667.63, 3051.92, 3453.12, 3891.67, 4292.73, 4730.83, 5166.75, 5613.15, 6043.5, 6476.04, 6878.48, 7280.75, 7743.94, 8140.48, 8602.08, 9062.06, 9389.16, 9849.82, 10330.24, 10754.09, 11145.74, 11569.4, 11920.25, 12301.69, 12904.0, 13409.33, 13989.24, 14576.1, 14900.8, 15407.84, 15774.33, 15750.0, 16141.09, 16519.9, 16708.5, 17277.2, 17819.6, 18323.75, 18857.33, 17890.0, 18201.0, 19593.0]","[500.0, 500.62, 513.04, 701.12, 893.12, 1101.15, 1279.08, 1481.96, 1684.19, 1897.27, 2117.54, 2350.54, 2577.73, 2883.04, 3148.12, 3452.35, 3738.58, 3995.35, 4248.42, 4505.96, 4800.69, 5063.35, 5346.5, 5702.77, 5923.76, 6268.92, 6565.88, 6913.29, 7191.96, 7488.95, 7682.33, 8010.05, 8416.75, 8726.88, 9086.43, 9242.85, 9550.83, 9979.91, 10358.5, 10660.17, 11076.0, 11383.4, 11891.0, 12117.5, 12359.5, 12594.0, 14690.0]"
NV,2017,Summer,"[0.0, 0.26, -3.26, 48.8, -52.32, -98.49, 40.88, 81.25, 141.57, 90.25, 175.08, 113.28, 66.66, 58.23, -19.35, 39.15, 7.05, 25.42, 31.94, 187.63, 248.91, 317.15, 224.29, 262.91, 636.17, 1054.0, 1494.1, 1540.68, 2246.98, 2445.46, 2608.77, 2468.15, 1290.66, 1832.86, 2412.46, 1554.45, 1585.0, 1886.73, 1724.93, 2228.16, 3485.05, 4246.19, 5735.07, 4321.1, 3945.56, 3242.33, 2265.0, 4686.67, 4600.67, 4514.67, 5780.0, 7011.25, 7865.5, 6797.0, 6579.5, 569.0, 1239.0, 3064.0]",Both,"[65, 65, 65, 65, 65, 65, 65, 65, 65, 65, 65, 65, 65, 65, 65, 65, 65, 65, 65, 65, 65, 65, 65, 65, 64, 63, 62, 60, 57, 57, 57, 55, 50, 49, 46, 38, 36, 30, 28, 25, 22, 16, 15, 10, 9, 9, 8, 6, 6, 6, 5, 4, 4, 2, 2, 1, 1, 1]","[500.0, 500.0, 516.35, 830.78, 1149.75, 1483.58, 1787.4, 2107.38, 2469.05, 2774.42, 3139.86, 3526.22, 3855.75, 4243.95, 4657.68, 5035.28, 5428.68, 5818.2, 6200.46, 6577.89, 6967.02, 7343.54, 7789.2, 8166.86, 8612.08, 9052.97, 9484.69, 9927.08, 10344.54, 10781.09, 11217.6, 11630.78, 11908.46, 12254.78, 12572.72, 12837.16, 13328.25, 13752.03, 14110.0, 14548.36, 15073.86, 15264.94, 15559.73, 15780.3, 16315.56, 16624.33, 17165.5, 18213.67, 18752.67, 19342.83, 19944.4, 20385.5, 20738.25, 20769.5, 21221.0, 20608.0, 21366.0, 21704.0]","[500.0, 500.0, 607.52, 964.17, 1312.25, 1615.74, 1913.6, 2217.71, 2566.05, 2893.92, 3250.42, 3615.34, 3938.89, 4311.75, 4690.72, 5063.2, 5418.4, 5768.97, 6120.92, 6502.46, 6860.43, 7204.98, 7592.52, 7952.46, 8348.58, 8720.86, 9086.94, 9460.23, 9835.93, 10205.74, 10600.68, 10968.33, 11184.16, 11491.43, 11804.39, 12145.68, 12520.33, 13008.1, 13252.43, 13585.76, 13972.77, 14179.38, 14420.2, 14769.8, 15284.89, 15621.78, 16046.62, 16920.5, 17389.33, 17768.17, 18133.0, 18185.25, 18553.25, 19105.0, 19383.5, 17599.0, 17902.0, 18125.0]","[500.0, 500.0, 563.23, 887.31, 1202.63, 1563.28, 1869.78, 2240.58, 2618.88, 2985.94, 3380.32, 3781.62, 4155.11, 4529.0, 4947.28, 5353.72, 5735.54, 6143.82, 6546.6, 6938.46, 7336.63, 7742.89, 8187.95, 8623.25, 9060.3, 9484.21, 9930.9, 10351.75, 10855.72, 11286.05, 11682.95, 12126.35, 12476.68, 12890.2, 13307.33, 13750.61, 14275.94, 14752.87, 15171.07, 15667.08, 16293.45, 16609.5, 16861.33, 17083.0, 17676.89, 18014.78, 18479.25, 19086.33, 19633.5, 20191.33, 20576.8, 20476.25, 20821.5, 21181.0, 21573.0, 19629.0, 20114.0, 20374.0]","[500.0, 500.23, 524.42, 847.72, 1216.18, 1588.48, 1916.8, 2256.31, 2620.31, 2968.78, 3363.58, 3775.09, 4121.42, 4533.15, 4961.17, 5334.32, 5753.49, 6157.77, 6566.12, 6960.55, 7386.42, 7766.62, 8200.74, 8605.31, 9052.12, 9477.81, 9933.87, 10393.2, 10854.23, 11337.35, 11803.11, 12247.65, 12537.92, 12920.33, 13330.96, 13720.18, 14095.83, 14513.1, 14874.82, 15421.12, 15938.27, 16490.69, 16849.67, 16905.4, 17055.22, 17386.67, 17935.38, 18735.67, 19400.0, 20107.5, 20716.6, 20986.25, 21347.5, 21299.0, 21834.5, 21455.0, 21794.0, 22040.0]","[500.0, 502.49, 516.37, 706.95, 917.45, 1118.43, 1300.11, 1498.71, 1699.51, 1903.09, 2122.63, 2359.06, 2586.17, 2838.31, 3117.97, 3359.03, 3628.72, 3887.46, 4160.17, 4427.49, 4697.6, 4954.8, 5271.23, 5541.06, 5840.17, 6128.83, 6429.24, 6734.15, 6988.28, 7301.54, 7613.4, 7921.58, 8146.44, 8402.82, 8669.74, 8977.16, 9239.08, 9622.57, 9855.39, 10148.76, 10474.64, 10735.44, 10924.6, 11113.8, 11305.56, 11573.89, 11854.0, 12087.17, 12535.0, 12955.33, 13191.4, 13256.75, 13529.5, 13753.0, 13975.0, 13366.0, 13709.0, 14000.0]"
NV,2017,Summer,"[0.0, 2.06, 24.0, 98.42, -72.87, 21.03, 82.42, 211.26, 350.65, 346.77, 465.03, 598.68, 578.87, 650.29, 733.9, 935.58, 873.03, 974.87, 1040.39, 1277.06, 1217.74, 1352.26, 1496.29, 1521.68, 2349.37, 3139.0, 4025.39, 4492.48, 5742.31, 6194.92, 6641.19, 6722.84, 5147.86, 5260.81, 5664.05, 4758.11, 4772.17, 5673.86, 4317.46, 5850.55, 6704.18, 6152.78, 5898.78, 4154.4, 4299.2, 3217.0, 2289.4, 7947.33, 8565.67, 9132.0, 13754.0, 13675.0, 14128.5, 12299.0, 12669.0]",Blue,"[65, 65, 65, 65, 65, 65, 65, 65, 65, 65, 65, 65, 65, 65, 65, 65, 65, 65, 65, 65, 65, 65, 65, 65, 64, 63, 62, 60, 57, 57, 57, 55, 50, 49, 46, 38, 36, 30, 28, 25, 22, 16, 15, 10, 9, 9, 8, 6, 6, 6, 5, 4, 4, 2, 2, 1, 1, 1]","[500.0, 500.0, 522.48, 845.94, 1163.1, 1489.81, 1820.03, 2133.87, 2494.0, 2794.32, 3161.81, 3567.81, 3872.13, 4278.03, 4680.1, 5081.81, 5476.77, 5859.19, 6231.94, 6590.94, 6977.77, 7344.48, 7802.81, 8187.48, 8678.7, 9136.9, 9666.54, 10141.04, 10661.62, 11138.27, 11599.73, 11971.08, 12085.52, 12451.71, 12834.85, 13036.28, 13447.67, 13850.36, 14033.69, 14625.55, 15196.27, 15475.56, 15809.44, 16219.6, 16574.2, 16817.4, 17103.4, 18483.33, 19012.67, 19642.67, 20763.0, 21123.5, 21431.5, 21767.0, 22160.0]","[500.0, 500.0, 599.13, 962.55, 1311.0, 1622.32, 1930.74, 2270.29, 2612.42, 2941.58, 3344.29, 3712.16, 4045.58, 4411.29, 4744.71, 5156.55, 5493.9, 5841.52, 6205.81, 6612.16, 7010.58, 7344.65, 7747.61, 8089.06, 8535.87, 8955.34, 9347.79, 9723.11, 10155.5, 10584.92, 11028.31, 11326.56, 11427.86, 11820.71, 12180.95, 12450.89, 12847.0, 13523.64, 13655.0, 14033.64, 14450.09, 14760.33, 15083.56, 15475.2, 15897.6, 16133.0, 16494.6, 18119.33, 18512.67, 18824.0, 19838.5, 20237.0, 20660.5, 21071.0, 21419.0]","[500.0, 500.0, 565.84, 892.0, 1202.61, 1537.94, 1856.52, 2257.16, 2648.23, 3019.61, 3414.65, 3817.45, 4189.39, 4579.77, 4981.26, 5364.84, 5760.0, 6146.81, 6577.81, 6979.06, 7413.45, 7870.58, 8321.45, 8783.81, 9266.83, 9761.52, 10247.46, 10647.81, 11190.73, 11666.81, 12071.96, 12512.8, 12734.29, 13220.57, 13672.6, 13949.0, 14468.44, 15042.93, 15505.38, 16115.0, 16702.91, 17017.78, 17492.89, 17607.8, 17969.6, 18301.0, 18742.0, 19608.33, 20155.0, 20757.67, 21535.0, 22061.0, 22447.0, 23504.0, 23751.0]","[500.0, 500.16, 528.29, 847.42, 1207.65, 1571.32, 1898.03, 2237.26, 2589.55, 2948.16, 3359.23, 3755.87, 4100.68, 4543.87, 4939.48, 5332.77, 5715.65, 6102.06, 6519.1, 6924.03, 7373.26, 7778.65, 8177.68, 8602.58, 9084.07, 9553.76, 10081.57, 10510.04, 11069.23, 11569.15, 12065.46, 12495.92, 12507.05, 12933.33, 13435.45, 13661.67, 14053.22, 14513.29, 14863.69, 15508.55, 16076.82, 16674.67, 17162.67, 16995.6, 17230.6, 17479.2, 17868.4, 18887.67, 19478.0, 20003.67, 20822.0, 21085.0, 21516.0, 22083.0, 22406.0]","[500.0, 503.0, 518.77, 715.65, 911.1, 1113.42, 1290.97, 1503.26, 1705.35, 1912.55, 2145.87, 2379.06, 2590.1, 2845.39, 3093.16, 3345.45, 3626.06, 3880.19, 4169.94, 4448.39, 4745.68, 5001.68, 5319.23, 5603.1, 5925.3, 6244.66, 6567.46, 6868.3, 7191.35, 7541.42, 7864.65, 8135.56, 8223.19, 8558.0, 8864.05, 9081.67, 9382.22, 9816.21, 9994.69, 10280.55, 10678.64, 10894.22, 11227.56, 11462.6, 11718.4, 11960.8, 12322.4, 12678.33, 13126.0, 13536.67, 13997.0, 14292.5, 14589.5, 14624.0, 14834.0]"
NV,2017,Summer,"[0.0, -1.38, -28.12, 3.56, -33.59, -207.47, 3.0, -37.29, -49.06, -143.65, -89.29, -329.29, -400.35, -481.59, -706.15, -778.18, -782.53, -840.26, -887.53, -805.68, -634.44, -626.62, -935.47, -884.79, -875.47, -724.38, -590.5, -874.42, -684.58, -699.26, -773.26, -1077.43, -1502.48, -738.11, -88.77, -1328.85, -1602.17, -1427.0, -521.93, -618.0, 265.91, 1794.86, 5489.5, 4487.8, 3503.5, 3274.0, 2224.33, 1426.0, 635.67, -102.67, 464.0, 347.5, 1602.5, 1295.0, 490.0, 569.0, 1239.0, 3064.0]",Red,"[65, 65, 65, 65, 65, 65, 65, 65, 65, 65, 65, 65, 65, 65, 65, 65, 65, 65, 65, 65, 65, 65, 65, 65, 64, 63, 62, 60, 57, 57, 57, 55, 50, 49, 46, 38, 36, 30, 28, 25, 22, 16, 15, 10, 9, 9, 8, 6, 6, 6, 5, 4, 4, 2, 2, 1, 1, 1]","[500.0, 500.0, 510.76, 816.97, 1137.59, 1477.91, 1757.65, 2083.24, 2446.29, 2756.26, 3119.85, 3488.29, 3840.82, 4212.88, 4637.24, 4992.85, 5384.82, 5780.82, 6171.76, 6566.0, 6957.21, 7342.68, 7776.79, 8148.06, 8553.29, 8981.38, 9334.94, 9752.03, 10078.61, 10481.52, 10897.1, 11347.2, 11780.24, 12107.07, 12371.08, 12657.95, 13208.83, 13666.0, 14176.13, 14487.71, 14951.45, 14994.14, 15185.17, 15341.0, 15992.25, 16383.0, 17269.0, 17944.0, 18492.67, 19043.0, 19398.67, 19647.5, 20045.0, 19772.0, 20282.0, 20608.0, 21366.0, 21704.0]","[500.0, 500.0, 615.18, 965.65, 1313.38, 1609.74, 1897.97, 2169.76, 2523.76, 2850.47, 3164.82, 3527.06, 3841.62, 4221.0, 4641.5, 4978.09, 5349.56, 5702.82, 6043.53, 6402.44, 6723.53, 7077.65, 7451.12, 7827.91, 8183.32, 8520.85, 8872.12, 9245.15, 9567.9, 9887.71, 10242.03, 10669.8, 11007.69, 11244.46, 11514.73, 11871.0, 12193.67, 12557.0, 12903.53, 13233.86, 13495.45, 13432.43, 13425.17, 14064.4, 14519.0, 14982.75, 15300.0, 15721.67, 16266.0, 16712.33, 16996.0, 16133.5, 16446.0, 17139.0, 17348.0, 17599.0, 17902.0, 18125.0]","[500.0, 500.0, 560.85, 883.03, 1202.65, 1586.38, 1881.88, 2225.47, 2592.12, 2955.24, 3349.03, 3748.94, 4123.85, 4482.71, 4916.29, 5343.59, 5713.24, 6141.09, 6518.15, 6901.44, 7266.59, 7626.47, 8066.24, 8476.85, 8878.06, 9247.68, 9670.21, 10109.52, 10574.74, 10966.71, 11356.68, 11804.3, 12290.14, 12642.43, 13026.35, 13572.05, 14083.44, 14499.06, 14881.33, 15315.14, 15884.0, 16084.57, 15914.0, 16558.2, 17311.0, 17657.0, 18041.33, 18564.33, 19112.0, 19625.0, 19938.0, 18891.5, 19196.0, 18858.0, 19395.0, 19629.0, 20114.0, 20374.0]","[500.0, 500.0, 563.23, 887.31, 1202.63, 1563.28, 1869.78, 2240.58, 2618.88, 2985.94, 3380.32, 3781.62, 4155.11, 4529.0, 4947.28, 5353.72, 5735.54, 6143.82, 6546.6, 6938.46, 7336.63, 7742.89, 8187.95, 8623.25, 9060.3, 9484.21, 9930.9, 10351.75, 10855.72, 11286.05, 11682.95, 12126.35, 12476.68, 12890.2, 13307.33, 13750.61, 14275.94, 14752.87, 15171.07, 15667.08, 16293.45, 16609.5, 16861.33, 17083.0, 17676.89, 18014.78, 18479.25, 19086.33, 19633.5, 20191.33, 20576.8, 20476.25, 20821.5, 21181.0, 21573.0, 19629.0, 20114.0, 20374.0]","[500.0, 502.03, 514.18, 699.03, 923.24, 1123.0, 1308.44, 1494.56, 1694.18, 1894.47, 2101.44, 2340.82, 2582.59, 2831.85, 3140.59, 3371.41, 3631.15, 3894.09, 4151.26, 4408.44, 4653.76, 4912.06, 5227.47, 5484.5, 5765.06, 6030.03, 6315.41, 6624.39, 6817.97, 7100.35, 7402.68, 7743.27, 8090.86, 8286.43, 8520.27, 8883.1, 9095.94, 9453.12, 9734.67, 10045.21, 10270.64, 10531.29, 10470.17, 10765.0, 10789.5, 11090.25, 11073.33, 11496.0, 11944.0, 12374.0, 12654.33, 12221.0, 12469.5, 12882.0, 13116.0, 13366.0, 13709.0, 14000.0]"
P1,2017,Summer,"[0.0, 0.35, -4.5, 10.54, 35.46, 18.5, 135.72, 142.74, 109.72, 158.57, 145.61, 276.63, 212.26, 273.3, 413.15, 479.98, 443.89, 536.93, 499.35, 569.02, 515.54, 704.07, 677.8, 1027.91, 952.47, 496.98, 803.45, 506.74, 1025.58, -267.0, 103.12, -644.31, -529.07, -709.22, 212.43, 231.65, 612.17, -1258.8, -821.5, -314.58, -1142.64, -1258.9, -259.44, -4001.86, -3037.8, -611.75, -650.0, 1275.33, 2153.33, 3115.33, 4383.0, 372.0, 127.0, 1295.0, 490.0, 569.0, 1239.0, 3064.0]",Both,"[46, 46, 46, 46, 46, 46, 46, 46, 46, 46, 46, 46, 46, 46, 46, 46, 46, 46, 46, 46, 46, 46, 46, 46, 45, 44, 42, 39, 38, 34, 32, 29, 27, 27, 21, 20, 18, 15, 14, 12, 11, 10, 9, 7, 5, 4, 4, 3, 3, 3, 2, 1, 1, 1, 1, 1, 1, 1]","[500.0, 500.0, 510.61, 820.85, 1166.96, 1537.2, 1820.72, 2171.65, 2517.85, 2869.41, 3204.74, 3571.41, 3898.35, 4264.07, 4653.28, 5013.22, 5372.2, 5756.11, 6079.85, 6455.74, 6842.61, 7181.96, 7572.91, 7925.04, 8305.73, 8684.34, 9016.1, 9467.1, 9819.89, 10339.38, 10819.72, 11324.03, 11535.59, 11851.67, 12306.1, 12723.05, 13040.72, 13436.07, 13897.0, 14190.42, 14554.18, 15011.2, 15647.33, 16162.0, 17166.6, 17607.25, 17890.75, 18130.0, 18574.67, 18947.33, 19491.5, 19612.0, 19734.0, 20247.0, 20564.0, 20730.0, 21294.0, 21825.0]","[500.0, 500.0, 598.43, 966.96, 1328.61, 1611.76, 1902.22, 2191.37, 2513.61, 2830.72, 3144.83, 3449.65, 3793.61, 4126.7, 4466.61, 4816.02, 5141.3, 5457.15, 5789.0, 6120.72, 6477.61, 6820.35, 7155.85, 7485.09, 7807.8, 8115.95, 8356.07, 8683.15, 9040.39, 9490.56, 9908.31, 10391.93, 10477.0, 10844.41, 11212.38, 11512.75, 11875.28, 12107.73, 12451.21, 12669.33, 13005.91, 13506.3, 14068.11, 14616.86, 15404.4, 15683.75, 16053.5, 15949.33, 16424.67, 16807.67, 17461.0, 17066.0, 17232.0, 17798.0, 18149.0, 18570.0, 19215.0, 19960.0]","[500.0, 500.0, 563.23, 887.31, 1202.63, 1563.28, 1869.78, 2240.58, 2618.88, 2985.94, 3380.32, 3781.62, 4155.11, 4529.0, 4947.28, 5353.72, 5735.54, 6143.82, 6546.6, 6938.46, 7336.63, 7742.89, 8187.95, 8623.25, 9060.3, 9484.21, 9930.9, 10351.75, 10855.72, 11286.05, 11682.95, 12126.35, 12476.68, 12890.2, 13307.33, 13750.61, 14275.94, 14752.87, 15171.07, 15667.08, 16293.45, 16609.5, 16861.33, 17083.0, 17676.89, 18014.78, 18479.25, 19086.33, 19633.5, 20191.33, 20576.8, 20476.25, 20821.5, 21181.0, 21573.0, 19629.0, 20114.0, 20374.0]","[500.0, 500.0, 526.41, 840.54, 1183.72, 1531.57, 1847.33, 2159.11, 2493.26, 2849.22, 3197.59, 3577.91, 3915.04, 4314.15, 4677.37, 5027.09, 5418.02, 5814.7, 6175.41, 6552.37, 6983.22, 7349.04, 7802.8, 8166.74, 8620.69, 9028.77, 9403.48, 9777.33, 10083.0, 10609.09, 11058.72, 11579.21, 11941.3, 12356.04, 12846.19, 13240.75, 13727.61, 14240.6, 14685.36, 15053.25, 15337.73, 15677.9, 16155.22, 16679.86, 17934.6, 17772.75, 18172.0, 18231.67, 18841.0, 19388.67, 19803.5, 18717.0, 19069.0, 19748.0, 19872.0, 19993.0, 20544.0, 21275.0]","[500.0, 500.7, 512.8, 692.52, 893.76, 1077.52, 1260.8, 1442.83, 1635.33, 1828.2, 2035.57, 2246.57, 2447.74, 2700.43, 2956.17, 3207.96, 3467.35, 3727.98, 3968.2, 4209.2, 4519.7, 4776.59, 5081.5, 5356.5, 5634.82, 5920.7, 6176.45, 6431.82, 6709.26, 7034.56, 7358.44, 7701.62, 7948.19, 8250.15, 8482.0, 8722.2, 9011.44, 9393.6, 9754.64, 9980.5, 10185.27, 10470.1, 11004.78, 11301.0, 12055.8, 12054.75, 12386.5, 12391.67, 12848.67, 13230.67, 13277.5, 13584.0, 13772.0, 14371.0, 14672.0, 14951.0, 15594.0, 16176.0]"
P1,2017,Summer,"[0.0, -1.14, 18.77, -23.45, 48.91, 57.73, 75.86, 56.82, -39.91, 43.14, -0.68, 5.05, -92.86, -157.32, -261.0, -169.64, -281.09, -254.59, -585.45, -806.86, -846.23, -723.05, -711.14, -565.41, -600.86, -1337.0, -1510.57, -1399.79, -1324.21, -1293.0, -455.89, -419.22, -1226.59, -1675.71, -70.17, -453.0, 539.36, -867.56, 105.88, -99.75, -1724.29, -2026.83, -259.6, -2822.5, 2612.0, 2499.0, 2612.5, 2271.0, 3657.0, 4142.0, 4383.0, 372.0, 127.0, 1295.0, 490.0, 569.0, 1239.0, 3064.0]",Blue,"[46, 46, 46, 46, 46, 46, 46, 46, 46, 46, 46, 46, 46, 46, 46, 46, 46, 46, 46, 46, 46, 46, 46, 46, 45, 44, 42, 39, 38, 34, 32, 29, 27, 27, 21, 20, 18, 15, 14, 12, 11, 10, 9, 7, 5, 4, 4, 3, 3, 3, 2, 1, 1, 1, 1, 1, 1, 1]","[500.0, 500.0, 511.18, 821.95, 1164.41, 1532.77, 1839.68, 2176.27, 2501.0, 2860.09, 3182.14, 3562.95, 3868.5, 4245.91, 4679.64, 5071.82, 5406.59, 5827.55, 6166.55, 6508.0, 6907.09, 7237.41, 7634.86, 8011.55, 8377.95, 8746.1, 9141.05, 9593.37, 9995.0, 10364.79, 10841.39, 11281.5, 11538.94, 11835.24, 12479.58, 12793.5, 13061.36, 13153.44, 13625.75, 13920.12, 14304.57, 14731.83, 15463.8, 15805.0, 17254.0, 17543.0, 17790.5, 18116.5, 18712.0, 19060.5, 19491.5, 19612.0, 19734.0, 20247.0, 20564.0, 20730.0, 21294.0, 21825.0]","[500.0, 500.0, 601.18, 980.59, 1330.27, 1620.86, 1933.82, 2231.36, 2543.0, 2876.68, 3190.68, 3531.09, 3861.32, 4191.68, 4534.68, 4869.23, 5192.0, 5548.77, 5877.86, 6213.41, 6609.14, 6951.68, 7303.68, 7680.82, 7985.36, 8207.38, 8507.67, 8837.79, 9234.05, 9582.74, 9999.94, 10332.72, 10494.18, 10875.88, 11352.0, 11664.5, 12041.91, 11963.0, 12277.38, 12561.62, 12891.71, 13496.83, 14257.6, 14533.75, 15532.5, 15751.5, 16074.0, 16297.5, 16884.0, 17214.0, 17461.0, 17066.0, 17232.0, 17798.0, 18149.0, 18570.0, 19215.0, 19960.0]","[500.0, 500.0, 558.27, 874.32, 1179.0, 1527.59, 1854.91, 2181.18, 2552.73, 2911.0, 3289.32, 3679.86, 4054.68, 4414.45, 4802.55, 5260.0, 5670.32, 6091.32, 6499.95, 6859.5, 7310.95, 7753.36, 8189.09, 8645.09, 9045.68, 9365.0, 9819.0, 10268.95, 10735.0, 11155.68, 11666.39, 12133.17, 12255.0, 12671.0, 12804.5, 13191.83, 13612.0, 13857.0, 14310.62, 14660.62, 14713.43, 15054.67, 15716.6, 15610.5, 16807.0, 17200.5, 17450.0, 17735.5, 18421.5, 18966.5, 19314.5, 17490.0, 17612.0, 18297.0, 18637.0, 18982.0, 19477.0, 20071.0]","[500.0, 500.0, 531.32, 840.86, 1198.64, 1554.0, 1877.68, 2190.18, 2545.95, 2904.23, 3226.59, 3644.55, 3987.32, 4384.36, 4797.05, 5138.14, 5565.59, 6014.14, 6333.55, 6723.91, 7180.18, 7574.64, 8014.36, 8416.82, 8795.64, 9075.67, 9502.14, 9745.16, 10125.21, 10538.89, 10997.06, 11468.28, 11839.41, 12262.18, 12710.83, 13249.0, 13665.36, 13985.89, 14501.25, 14930.12, 15162.43, 15428.5, 15770.6, 15832.75, 16964.0, 17379.0, 17861.0, 18118.5, 18785.5, 19396.0, 19803.5, 18717.0, 19069.0, 19748.0, 19872.0, 19993.0, 20544.0, 21275.0]","[500.0, 500.3636363636364, 510.72727272727275, 691.2727272727273, 903.3181818181819, 1086.590909090909, 1261.8636363636363, 1440.409090909091, 1645.7272727272727, 1850.3181818181818, 2040.9545454545455, 2272.2727272727275, 2467.181818181818, 2726.590909090909, 3022.3636363636365, 3251.9545454545455, 3509.5, 3770.318181818182, 4021.409090909091, 4257.090909090909, 4579.454545454545, 4843.318181818182, 5173.318181818182, 5463.954545454545, 5703.136363636364, 5948.333333333333, 6227.523809523809, 6416.0526315789475, 6736.0526315789475, 7034.631578947368, 7403.388888888889, 7718.055555555556, 7996.764705882353, 8309.588235294117, 8551.916666666666, 8833.75, 9093.727272727272, 9240.222222222223, 9597.5, 9837.75, 10006.285714285714, 10264.166666666666, 10853.2, 10743.75, 11323.0, 11553.5, 11806.5, 12095.0, 12649.5, 12976.0, 13277.5, 13584.0, 13772.0, 14371.0, 14672.0, 14951.0, 15594.0, 16176.0]"
P1,2017,Summer,"[0.0, 1.71, -25.83, 41.71, 23.12, -17.46, 190.58, 221.5, 246.88, 264.38, 279.71, 525.58, 491.96, 668.04, 1031.12, 1075.46, 1108.46, 1262.5, 1493.75, 1830.25, 1763.83, 2012.25, 1951.0, 2488.46, 2438.26, 2171.48, 3117.48, 2317.95, 3375.37, 1032.6, 821.86, -1012.64, 656.7, 933.8, 589.22, 1258.62, 726.57, -1845.67, -2058.0, -744.25, -124.75, -107.0, -259.25, -5574.33, -6804.33, -3722.5, -3912.5, -716.0, -854.0, 1062.0]",Red,"[46, 46, 46, 46, 46, 46, 46, 46, 46, 46, 46, 46, 46, 46, 46, 46, 46, 46, 46, 46, 46, 46, 46, 46, 45, 44, 42, 39, 38, 34, 32, 29, 27, 27, 21, 20, 18, 15, 14, 12, 11, 10, 9, 7, 5, 4, 4, 3, 3, 3, 2, 1, 1, 1, 1, 1, 1, 1]","[500.0, 500.0, 510.08, 819.83, 1169.29, 1541.25, 1803.33, 2167.42, 2533.29, 2877.96, 3225.46, 3579.17, 3925.71, 4280.71, 4629.12, 4959.5, 5340.67, 5690.62, 6000.38, 6407.83, 6783.5, 7131.12, 7516.12, 7845.75, 8236.65, 8627.96, 8891.14, 9347.15, 9644.79, 10307.2, 10791.86, 11393.64, 11529.9, 11879.6, 12074.78, 12617.38, 13008.29, 13860.0, 14258.67, 14731.0, 14991.0, 15430.25, 15876.75, 16638.0, 17108.33, 17671.5, 17991.0, 18157.0, 18300.0, 18721.0]","[500.0, 500.0, 595.92, 954.46, 1327.08, 1603.42, 1873.25, 2154.71, 2486.67, 2788.58, 3102.79, 3375.0, 3731.54, 4067.12, 4404.21, 4767.25, 5094.83, 5373.17, 5707.54, 6035.75, 6357.04, 6699.96, 7020.33, 7305.67, 7637.96, 8032.48, 8204.48, 8536.25, 8846.74, 9373.8, 9790.5, 10488.82, 10447.8, 10790.9, 11026.22, 11285.12, 11613.43, 12324.83, 12683.0, 12884.75, 13205.75, 13520.5, 13831.25, 14727.67, 15319.0, 15616.0, 16033.0, 15253.0, 15506.0, 15995.0]","[500.0, 500.0, 576.46, 897.17, 1209.62, 1554.62, 1870.75, 2193.92, 2556.62, 2921.29, 3350.62, 3719.33, 4105.42, 4497.21, 4868.71, 5256.04, 5659.21, 6060.88, 6429.17, 6818.83, 7282.04, 7668.88, 8143.42, 8523.12, 8946.52, 9413.78, 9749.0, 10258.0, 10565.84, 11002.67, 11375.14, 11805.91, 12144.1, 12492.3, 12914.44, 12861.5, 13097.14, 13712.0, 14247.67, 14500.75, 14934.75, 15240.75, 15648.75, 16767.67, 17248.33, 17066.5, 17780.0, 18714.0, 19199.0, 19620.0]","[500.0, 500.0, 563.23, 887.31, 1202.63, 1563.28, 1869.78, 2240.58, 2618.88, 2985.94, 3380.32, 3781.62, 4155.11, 4529.0, 4947.28, 5353.72, 5735.54, 6143.82, 6546.6, 6938.46, 7336.63, 7742.89, 8187.95, 8623.25, 9060.3, 9484.21, 9930.9, 10351.75, 10855.72, 11286.05, 11682.95, 12126.35, 12476.68, 12890.2, 13307.33, 13750.61, 14275.94, 14752.87, 15171.07, 15667.08, 16293.45, 16609.5, 16861.33, 17083.0, 17676.89, 18014.78, 18479.25, 19086.33, 19633.5, 20191.33, 20576.8, 20476.25, 20821.5, 21181.0, 21573.0, 19629.0, 20114.0, 20374.0]","[500.0, 501.0, 514.71, 693.67, 885.0, 1069.21, 1259.83, 1445.04, 1625.79, 1807.92, 2030.62, 2223.0, 2429.92, 2676.46, 2895.5, 3167.62, 3428.71, 3689.17, 3919.42, 4165.29, 4464.92, 4715.42, 4997.33, 5258.0, 5569.48, 5895.48, 6125.38, 6446.8, 6682.47, 7034.47, 7300.64, 7674.73, 7865.6, 8149.1, 8388.78, 8554.88, 8882.14, 9623.67, 9964.17, 10266.0, 10498.5, 10779.0, 11194.25, 12044.0, 12544.33, 12556.0, 12966.5, 12985.0, 13247.0, 13740.0]"
TL,2017,Summer,"[0.0, 0.04, 7.96, -27.4, 2.09, -24.57, 103.98, 120.28, 166.6, 161.06, 196.96, 199.85, 277.34, 340.74, 391.85, 451.81, 707.3, 833.94, 1087.98, 1244.4, 1393.11, 1536.28, 1447.66, 1514.66, 1750.09, 2010.43, 2482.76, 2567.12, 2410.65, 1862.0, 1026.21, 1689.89, 2296.17, 3013.85, 2021.73, 1274.55, 1624.86, 359.17, -197.27, -138.93, -401.15, -992.5, 1338.75, 1340.67, 622.0, 735.8, 1491.8, 55.75, 761.5, 1528.5, 1038.33, -3484.0, -3964.0, -4396.0, -5307.0, -9207.0, -8408.0, -7587.0]",Both,"[53, 53, 53, 53, 53, 53, 53, 53, 53, 53, 53, 53, 53, 53, 53, 53, 53, 53, 53, 53, 53, 53, 53, 53, 53, 53, 51, 49, 46, 43, 39, 38, 35, 34, 26, 22, 21, 18, 15, 14, 13, 10, 8, 6, 5, 5, 5, 4, 4, 4, 3, 2, 2, 2, 2, 1, 1, 1]","[500.0, 500.0, 519.98, 845.58, 1172.89, 1480.09, 1823.47, 2165.08, 2534.0, 2857.09, 3216.08, 3581.36, 3901.81, 4306.32, 4699.28, 5072.26, 5487.83, 5846.15, 6254.77, 6624.3, 7012.0, 7378.11, 7771.89, 8169.58, 8541.49, 8983.38, 9403.14, 9857.2, 10283.22, 10490.33, 10933.79, 11308.08, 11724.03, 12079.12, 12408.19, 12915.59, 13281.62, 13601.39, 13966.47, 14116.29, 14488.31, 14780.1, 15186.12, 15904.17, 16540.8, 16873.2, 17348.0, 17583.5, 17834.0, 18194.0, 18078.0, 17948.5, 18150.5, 18397.5, 18748.0, 17075.0, 17366.0, 17731.0]","[500.0, 500.0, 612.94, 959.06, 1333.09, 1603.51, 1934.06, 2224.17, 2568.15, 2897.64, 3200.36, 3530.43, 3870.11, 4209.3, 4549.83, 4908.49, 5274.77, 5617.81, 5943.72, 6288.87, 6609.91, 6916.89, 7208.51, 7509.04, 7799.79, 8150.02, 8453.96, 8822.1, 9123.63, 9338.42, 9598.87, 9823.24, 10163.37, 10484.26, 10736.12, 11163.23, 11475.24, 11760.56, 12185.07, 12401.29, 12841.31, 13055.8, 13470.12, 14316.83, 14752.2, 14973.8, 15407.8, 15662.25, 15918.25, 16308.25, 16202.33, 16873.0, 17096.0, 17365.5, 17757.5, 20438.0, 20993.0, 21715.0]","[500.0, 500.0, 569.06, 875.96, 1216.79, 1548.51, 1898.64, 2219.0, 2602.26, 2982.4, 3364.0, 3774.4, 4154.66, 4546.6, 4971.62, 5393.64, 5806.98, 6180.45, 6567.09, 6965.74, 7387.23, 7790.36, 8215.77, 8557.09, 8975.81, 9430.98, 9788.9, 10257.78, 10680.7, 10968.02, 11319.77, 11680.66, 12082.54, 12528.76, 13077.12, 13320.27, 13702.76, 13993.39, 14360.8, 14709.29, 14971.38, 15093.2, 15892.38, 16738.33, 16749.8, 17052.2, 17451.2, 17485.0, 17841.75, 18637.25, 19375.67, 20677.0, 20997.5, 21367.0, 21664.0, 21093.0, 21746.0, 22091.0]","[500.0, 500.19, 520.28, 868.09, 1187.21, 1539.94, 1871.51, 2215.98, 2596.92, 2917.15, 3273.81, 3695.0, 4063.68, 4481.53, 4938.91, 5316.62, 5758.17, 6163.21, 6554.32, 6955.45, 7376.32, 7782.66, 8169.34, 8616.3, 9018.42, 9470.17, 9934.0, 10390.96, 10907.43, 11220.6, 11620.9, 11967.39, 12451.09, 13034.5, 13427.58, 13934.59, 14375.19, 14661.22, 15211.8, 15772.57, 16372.38, 16278.9, 16944.75, 17777.5, 18601.2, 19136.0, 19745.8, 19938.25, 20468.5, 20985.5, 21137.33, 21823.0, 22451.5, 22688.0, 23116.0, 23209.0, 23649.0, 24141.0]","[500.0, 500.0, 509.13, 693.28, 885.34, 1063.23, 1244.11, 1425.7, 1627.34, 1811.77, 1996.15, 2232.51, 2430.25, 2688.72, 2947.64, 3204.43, 3459.81, 3708.7, 3958.66, 4223.28, 4497.91, 4739.32, 4989.77, 5239.11, 5504.15, 5796.36, 6064.14, 6358.65, 6632.54, 6804.0, 7018.31, 7262.26, 7552.63, 7897.5, 8117.27, 8328.0, 8657.76, 8827.11, 9170.8, 9427.64, 9753.08, 9712.1, 10193.12, 10757.83, 11013.0, 11254.2, 11652.4, 11814.25, 12031.5, 12477.5, 12575.0, 12884.5, 13115.5, 13309.0, 13571.5, 13007.0, 13329.0, 13764.0]"
TL,2017,Summer,"[0.0, -0.47, 23.37, 16.9, 57.57, -66.5, 168.7, 147.87, 192.23, 213.97, 173.5, 272.23, 357.13, 464.47, 602.9, 608.97, 872.13, 938.9, 1115.4, 1290.13, 1359.1, 1415.03, 1118.6, 971.83, 945.43, 1229.73, 1847.57, 2084.29, 2091.63, 697.46, -317.82, -240.23, 433.7, 957.11, 252.82, 229.87, 248.29, -1192.38, -1150.45, -1464.0, -1879.78, -4071.0, -3067.0, -980.75, -593.0, -494.5, 413.25, -1847.33, -1566.0, -834.67, -2735.5, -3484.0, -3964.0, -4396.0, -5307.0, -9207.0, -8408.0, -7587.0]",Blue,"[53, 53, 53, 53, 53, 53, 53, 53, 53, 53, 53, 53, 53, 53, 53, 53, 53, 53, 53, 53, 53, 53, 53, 53, 53, 53, 51, 49, 46, 43, 39, 38, 35, 34, 26, 22, 21, 18, 15, 14, 13, 10, 8, 6, 5, 5, 5, 4, 4, 4, 3, 2, 2, 2, 2, 1, 1, 1]","[500.0, 500.0, 515.9, 837.77, 1190.8, 1504.27, 1871.63, 2195.8, 2592.33, 2919.1, 3282.17, 3664.87, 3978.97, 4410.6, 4817.9, 5197.73, 5621.43, 6001.57, 6409.1, 6797.23, 7184.23, 7553.97, 7953.73, 8354.8, 8773.0, 9257.53, 9727.86, 10223.96, 10710.15, 10854.5, 11251.95, 11671.0, 12171.65, 12567.84, 12722.0, 13236.0, 13658.93, 13820.08, 14077.45, 14213.9, 14604.33, 14833.0, 15331.4, 15969.75, 16385.5, 16708.5, 17253.75, 17495.33, 17686.33, 18037.33, 17660.5, 17948.5, 18150.5, 18397.5, 18748.0, 17075.0, 17366.0, 17731.0]","[500.0, 500.0, 622.63, 964.27, 1336.97, 1607.57, 1990.33, 2270.63, 2630.53, 2960.53, 3270.9, 3589.7, 3943.9, 4309.0, 4639.1, 5011.1, 5389.37, 5771.73, 6114.93, 6458.7, 6814.73, 7130.23, 7420.13, 7719.37, 8017.57, 8413.57, 8715.25, 9099.79, 9378.96, 9581.0, 9729.59, 10040.05, 10446.2, 10813.63, 11034.18, 11339.33, 11685.21, 11886.77, 12266.36, 12500.5, 12916.56, 13103.86, 13568.0, 14367.75, 14890.25, 15127.5, 15607.25, 15957.0, 16244.0, 16710.0, 16587.0, 16873.0, 17096.0, 17365.5, 17757.5, 20438.0, 20993.0, 21715.0]","[500.0, 500.0, 573.8, 872.57, 1224.6, 1550.97, 1927.9, 2245.2, 2621.37, 3005.13, 3393.43, 3807.07, 4184.17, 4581.23, 4989.9, 5445.37, 5895.23, 6259.03, 6666.87, 7066.83, 7508.5, 7955.57, 8370.33, 8716.43, 9168.77, 9662.57, 10036.43, 10479.43, 10923.7, 11168.38, 11406.82, 11843.27, 12244.45, 12739.32, 13069.53, 13222.27, 13629.71, 13899.0, 14161.82, 14507.9, 14629.0, 14810.14, 15689.2, 16371.5, 16924.75, 17201.0, 17650.25, 17700.0, 18135.0, 19044.33, 20194.0, 20677.0, 20997.5, 21367.0, 21664.0, 21093.0, 21746.0, 22091.0]","[500.0, 500.33, 525.2, 858.27, 1171.8, 1519.73, 1830.97, 2154.9, 2533.3, 2848.37, 3226.4, 3617.6, 3975.4, 4393.3, 4867.83, 5244.4, 5741.5, 6145.67, 6552.47, 6965.1, 7382.13, 7806.63, 8169.5, 8633.07, 9043.47, 9529.27, 10034.46, 10501.21, 10985.33, 11222.42, 11599.95, 12040.41, 12555.4, 13242.37, 13600.94, 14108.2, 14574.21, 14827.69, 15274.64, 15887.6, 16453.22, 16483.57, 17345.8, 18260.25, 18758.0, 19281.75, 19943.5, 20066.0, 20669.0, 21228.0, 21392.0, 21823.0, 22451.5, 22688.0, 23116.0, 23209.0, 23649.0, 24141.0]","[500.0, 500.0, 509.93, 687.4, 864.5, 1044.97, 1213.87, 1397.9, 1593.0, 1780.03, 1966.93, 2188.33, 2395.53, 2653.43, 2914.6, 3193.8, 3473.33, 3746.27, 4001.8, 4278.1, 4546.57, 4804.63, 5045.7, 5301.77, 5582.13, 5907.27, 6186.21, 6491.18, 6757.0, 6896.42, 7029.41, 7319.77, 7667.7, 8048.58, 8194.0, 8327.67, 8702.36, 8838.92, 9077.09, 9346.8, 9665.67, 9603.29, 10116.6, 10729.5, 11057.25, 11289.5, 11731.0, 11891.0, 12117.33, 12593.67, 12638.5, 12884.5, 13115.5, 13309.0, 13571.5, 13007.0, 13329.0, 13764.0]"
TL,2017,Summer,"[0.0, 0.7, -12.13, -85.17, -70.26, 30.13, 19.57, 84.3, 133.17, 92.04, 227.57, 105.43, 173.26, 179.35, 116.57, 246.83, 492.3, 697.04, 1052.22, 1184.74, 1437.48, 1694.43, 1876.87, 2222.7, 2799.65, 3028.74, 3256.04, 3210.9, 2864.0, 3333.0, 2765.53, 4343.81, 4779.47, 5619.07, 5363.0, 3513.14, 4378.0, 4393.2, 2424.0, 3173.75, 2925.75, 6190.67, 8681.67, 5983.5, 5482.0, 5657.0, 5806.0, 5765.0, 7744.0, 8618.0, 8586.0]",Red,"[53, 53, 53, 53, 53, 53, 53, 53, 53, 53, 53, 53, 53, 53, 53, 53, 53, 53, 53, 53, 53, 53, 53, 53, 53, 53, 51, 49, 46, 43, 39, 38, 35, 34, 26, 22, 21, 18, 15, 14, 13, 10, 8, 6, 5, 5, 5, 4, 4, 4, 3, 2, 2, 2, 2, 1, 1, 1]","[500.0, 500.0, 525.3, 855.78, 1149.52, 1448.57, 1760.65, 2125.0, 2457.91, 2776.22, 3129.87, 3472.43, 3801.17, 4170.3, 4544.57, 4908.61, 5313.57, 5643.43, 6053.48, 6398.74, 6787.35, 7148.74, 7534.7, 7928.0, 8239.52, 8625.78, 9007.83, 9368.19, 9676.53, 10030.32, 10522.06, 10809.06, 11127.2, 11460.07, 11815.44, 12229.0, 12527.0, 13032.8, 13661.25, 13872.25, 14227.25, 14656.67, 14944.0, 15773.0, 17162.0, 17532.0, 17725.0, 17848.0, 18277.0, 18664.0, 18913.0]","[500.0, 500.0, 600.3, 952.26, 1328.04, 1598.22, 1860.65, 2163.57, 2486.78, 2815.61, 3108.35, 3453.13, 3773.87, 4079.26, 4433.39, 4774.65, 5125.3, 5417.04, 5720.39, 6067.35, 6342.74, 6638.61, 6932.48, 7234.7, 7515.74, 7806.26, 8135.87, 8451.86, 8760.79, 9032.0, 9429.71, 9525.12, 9786.27, 10067.07, 10173.11, 10785.86, 11055.29, 11432.4, 11961.5, 12153.25, 12672.0, 12943.67, 13307.0, 14215.0, 14200.0, 14359.0, 14610.0, 14778.0, 14941.0, 15103.0, 15433.0]","[500.0, 500.0, 562.87, 880.39, 1206.61, 1545.3, 1860.48, 2184.83, 2577.35, 2952.74, 3325.61, 3731.78, 4116.17, 4501.43, 4947.78, 5326.17, 5691.87, 6077.96, 6436.96, 6833.87, 7229.04, 7574.87, 8014.17, 8349.26, 8724.13, 9128.91, 9487.57, 9962.24, 10335.37, 10714.95, 11207.12, 11457.06, 11866.67, 12262.07, 13091.44, 13530.29, 13848.86, 14238.8, 14908.0, 15212.75, 15741.75, 15753.67, 16231.0, 17472.0, 16050.0, 16457.0, 16655.0, 16840.0, 16962.0, 17416.0, 17739.0]","[500.0, 500.0, 569.06, 875.96, 1216.79, 1548.51, 1898.64, 2219.0, 2602.26, 2982.4, 3364.0, 3774.4, 4154.66, 4546.6, 4971.62, 5393.64, 5806.98, 6180.45, 6567.09, 6965.74, 7387.23, 7790.36, 8215.77, 8557.09, 8975.81, 9430.98, 9788.9, 10257.78, 10680.7, 10968.02, 11319.77, 11680.66, 12082.54, 12528.76, 13077.12, 13320.27, 13702.76, 13993.39, 14360.8, 14709.29, 14971.38, 15093.2, 15892.38, 16738.33, 16749.8, 17052.2, 17451.2, 17485.0, 17841.75, 18637.25, 19375.67, 20677.0, 20997.5, 21367.0, 21664.0, 21093.0, 21746.0, 22091.0]","[500.0, 500.0, 508.09, 700.96, 912.52, 1087.04, 1283.57, 1461.96, 1672.13, 1853.17, 2034.26, 2290.13, 2475.52, 2734.74, 2990.74, 3218.3, 3442.17, 3659.7, 3902.39, 4151.78, 4434.43, 4654.13, 4916.83, 5157.39, 5402.43, 5651.7, 5915.52, 6181.95, 6455.68, 6687.26, 7003.94, 7183.19, 7399.2, 7706.13, 7972.33, 8328.71, 8568.57, 8796.4, 9428.5, 9629.75, 9949.75, 9966.0, 10320.67, 10814.5, 10836.0, 11113.0, 11338.0, 11584.0, 11774.0, 12129.0, 12448.0]"
TSM,2017,Summer,"[0.0, -0.02, 5.1, -18.63, 7.98, -25.41, 34.16, -17.84, -10.71, 129.82, 144.92, 215.29, 178.43, 247.37, 298.37, 351.8, 140.98, 233.24, 282.82, 331.08, 436.94, 339.9, 314.18, 416.53, 361.8, 243.18, 255.71, 498.54, 785.91, 1445.44, 1055.18, 620.73, 9.62, 820.97, 1044.73, 1157.83, 1454.62, 1179.56, 622.2, 804.92, 1684.62, 1497.18, 2039.33, 3161.43, 2102.33, 2083.33, 5777.0, 5922.5, 5980.0, 6002.0, 6266.0, 6505.0, 5279.0, 12299.0, 12669.0]",Both,"[49, 49, 49, 49, 49, 49, 49, 49, 49, 49, 49, 49, 49, 49, 49, 49, 49, 49, 49, 49, 49, 49, 49, 49, 49, 49, 49, 48, 47, 45, 39, 37, 34, 31, 26, 23, 21, 18, 15, 13, 13, 11, 9, 7, 6, 6, 2, 2, 2, 2, 2, 2, 2, 1, 1]","[500.0, 500.0, 507.37, 842.49, 1182.63, 1531.43, 1854.61, 2200.12, 2552.65, 2863.69, 3252.78, 3615.31, 3983.55, 4385.14, 4782.8, 5202.14, 5599.43, 6024.94, 6409.51, 6853.1, 7301.49, 7707.12, 8082.16, 8529.84, 8972.47, 9403.47, 9860.49, 10263.58, 10658.55, 10998.22, 11361.77, 11806.24, 12216.65, 12548.97, 12880.69, 13294.04, 13636.1, 14142.39, 14356.6, 14791.0, 15274.08, 15612.73, 15730.0, 15703.14, 15803.5, 16360.17, 15918.0, 16334.0, 16918.5, 17159.5, 17331.0, 17698.0, 18095.0, 18654.0, 18933.0]","[500.0, 500.2, 586.88, 964.57, 1297.65, 1554.76, 1846.43, 2139.65, 2395.55, 2733.35, 3050.06, 3342.0, 3647.98, 3936.35, 4285.2, 4628.8, 4941.2, 5284.57, 5650.49, 5984.39, 6318.51, 6660.51, 7001.35, 7301.57, 7656.9, 8010.73, 8345.18, 8647.73, 8957.04, 9278.87, 9398.97, 9696.32, 9959.68, 10295.1, 10562.88, 10791.78, 11056.14, 11600.56, 11848.93, 12329.31, 12845.31, 12917.0, 13134.33, 13218.43, 13441.83, 13879.67, 14032.5, 14207.5, 14681.0, 14943.5, 15123.5, 15467.0, 15930.5, 15417.0, 15617.0]","[500.0, 500.2, 572.18, 904.14, 1250.35, 1602.65, 1947.29, 2320.51, 2720.16, 3118.55, 3522.24, 3936.82, 4383.0, 4782.67, 5223.43, 5690.8, 6089.69, 6551.78, 6970.47, 7390.41, 7842.71, 8278.84, 8694.67, 9128.47, 9567.2, 10003.02, 10456.94, 10846.33, 11236.51, 11588.42, 11833.67, 12141.19, 12674.62, 13039.61, 13539.85, 13863.39, 14249.24, 14823.11, 15213.07, 16004.77, 16471.62, 16711.82, 16863.56, 17402.14, 17574.33, 18277.67, 19736.5, 20039.0, 20461.5, 20771.5, 21038.5, 21412.0, 22003.0, 21266.0, 21477.0]","[500.0, 500.0, 518.41, 856.35, 1187.33, 1570.24, 1872.47, 2207.88, 2561.27, 2904.76, 3300.45, 3659.96, 4016.55, 4426.16, 4846.39, 5251.49, 5674.08, 6079.1, 6505.71, 6925.14, 7357.14, 7776.63, 8231.47, 8656.49, 9106.61, 9620.63, 10071.65, 10526.79, 10993.28, 11422.93, 11800.31, 12262.73, 12716.09, 13195.03, 13720.19, 14008.17, 14395.48, 15186.33, 15743.4, 16230.69, 16928.0, 17476.18, 18157.67, 18451.71, 18959.0, 19858.83, 18927.5, 19223.0, 19693.0, 20176.0, 20509.0, 21156.5, 22408.0, 21750.0, 21962.0]","[500.0, 500.0, 509.13, 693.28, 885.34, 1063.23, 1244.11, 1425.7, 1627.34, 1811.77, 1996.15, 2232.51, 2430.25, 2688.72, 2947.64, 3204.43, 3459.81, 3708.7, 3958.66, 4223.28, 4497.91, 4739.32, 4989.77, 5239.11, 5504.15, 5796.36, 6064.14, 6358.65, 6632.54, 6804.0, 7018.31, 7262.26, 7552.63, 7897.5, 8117.27, 8328.0, 8657.76, 8827.11, 9170.8, 9427.64, 9753.08, 9712.1, 10193.12, 10757.83, 11013.0, 11254.2, 11652.4, 11814.25, 12031.5, 12477.5, 12575.0, 12884.5, 13115.5, 13309.0, 13571.5, 13007.0, 13329.0, 13764.0]"
TSM,2017,Summer,"[0.0, 0.91, -44.82, -6.73, -48.86, -4.41, 89.32, 94.27, 18.86, 297.95, 328.59, 276.64, 231.41, 134.09, 223.41, 503.05, 250.09, 441.23, 770.77, 769.36, 973.23, 997.05, 1029.91, 1194.0, 1261.36, 1396.64, 1551.55, 1614.23, 1790.14, 2045.18, 1228.39, 466.25, -555.93, 296.62, 1437.2, 1150.75, 1442.75, 2735.12, 1799.71, 2838.29, 4210.14, 3487.83, 3784.8, 4302.0, 2685.67, 4310.33]",Blue,"[49, 49, 49, 49, 49, 49, 49, 49, 49, 49, 49, 49, 49, 49, 49, 49, 49, 49, 49, 49, 49, 49, 49, 49, 49, 49, 49, 48, 47, 45, 39, 37, 34, 31, 26, 23, 21, 18, 15, 13, 13, 11, 9, 7, 6, 6, 2, 2, 2, 2, 2, 2, 2, 1, 1]","[500.0, 500.0, 510.91, 846.64, 1193.77, 1506.86, 1841.45, 2199.45, 2547.14, 2846.77, 3237.36, 3609.09, 3945.0, 4363.68, 4776.82, 5164.32, 5494.09, 5929.41, 6317.59, 6724.36, 7155.05, 7544.14, 7903.64, 8419.41, 8835.09, 9237.86, 9700.77, 10107.91, 10519.77, 10961.82, 11267.17, 11734.75, 11994.21, 12496.0, 12829.5, 13190.12, 13619.88, 14093.12, 14149.86, 14617.57, 15173.71, 15733.0, 15888.6, 16142.0, 16164.67, 16637.0]","[500.0, 500.45, 588.73, 968.0, 1303.73, 1549.68, 1851.32, 2146.59, 2416.0, 2797.91, 3097.82, 3402.59, 3737.32, 4049.82, 4400.09, 4739.64, 5070.23, 5383.55, 5777.95, 6123.32, 6480.32, 6823.64, 7201.27, 7498.55, 7843.23, 8200.59, 8518.0, 8823.05, 9148.64, 9523.18, 9561.39, 9780.06, 9956.14, 10338.23, 10532.9, 10740.25, 11112.5, 11572.88, 11826.71, 12330.86, 12891.29, 12938.83, 13216.0, 13319.25, 13479.67, 13838.67]","[500.0, 500.0, 571.82, 919.82, 1257.18, 1609.68, 1935.55, 2309.14, 2681.14, 3098.73, 3525.36, 3930.55, 4407.0, 4792.95, 5244.73, 5741.5, 6149.59, 6608.27, 7040.45, 7512.64, 7934.18, 8369.73, 8747.45, 9171.59, 9604.64, 10057.86, 10496.5, 10922.86, 11349.41, 11856.36, 11959.22, 12141.12, 12588.93, 13205.62, 13672.8, 13832.0, 14337.5, 14914.88, 15376.0, 15947.14, 16533.0, 16640.33, 16511.0, 17166.0, 16928.0, 17449.0]","[500.0, 500.0, 518.05, 825.14, 1159.59, 1532.32, 1864.18, 2189.55, 2559.41, 2942.55, 3345.18, 3718.23, 4078.05, 4449.82, 4879.09, 5299.86, 5711.64, 6119.68, 6526.64, 6968.59, 7395.23, 7797.18, 8205.32, 8619.5, 9040.59, 9496.82, 9952.0, 10455.41, 10932.0, 11435.23, 11752.33, 12214.62, 12524.21, 13068.38, 13723.6, 14002.88, 14471.25, 15265.0, 15686.14, 16449.29, 17297.57, 17767.5, 18500.0, 18941.5, 19727.67, 20602.0]","[500.0, 500.0, 509.93, 687.4, 864.5, 1044.97, 1213.87, 1397.9, 1593.0, 1780.03, 1966.93, 2188.33, 2395.53, 2653.43, 2914.6, 3193.8, 3473.33, 3746.27, 4001.8, 4278.1, 4546.57, 4804.63, 5045.7, 5301.77, 5582.13, 5907.27, 6186.21, 6491.18, 6757.0, 6896.42, 7029.41, 7319.77, 7667.7, 8048.58, 8194.0, 8327.67, 8702.36, 8838.92, 9077.09, 9346.8, 9665.67, 9603.29, 10116.6, 10729.5, 11057.25, 11289.5, 11731.0, 11891.0, 12117.33, 12593.67, 12638.5, 12884.5, 13115.5, 13309.0, 13571.5, 13007.0, 13329.0, 13764.0]"
TSM,2017,Summer,"[0.0, -0.78, 45.78, -28.33, 54.3, -42.52, -10.78, -109.19, -34.81, -7.19, -4.74, 165.3, 135.26, 339.67, 359.44, 228.56, 52.07, 63.78, -114.78, -26.04, -0.04, -195.56, -269.0, -216.96, -371.19, -696.67, -800.15, -445.5, -97.8, 871.78, 906.71, 738.43, 405.5, 1199.67, 799.44, 1161.6, 1461.92, -64.9, -408.12, -1567.33, -1261.83, -891.6, -142.5, 1640.67, 1519.0, -143.67, 5777.0, 5922.5, 5980.0, 6002.0, 6266.0, 6505.0, 5279.0, 12299.0, 12669.0]",Red,"[49, 49, 49, 49, 49, 49, 49, 49, 49, 49, 49, 49, 49, 49, 49, 49, 49, 49, 49, 49, 49, 49, 49, 49, 49, 49, 49, 48, 47, 45, 39, 37, 34, 31, 26, 23, 21, 18, 15, 13, 13, 11, 9, 7, 6, 6, 2, 2, 2, 2, 2, 2, 2, 1, 1]","[500.0, 500.0, 504.48, 839.11, 1173.56, 1551.44, 1865.33, 2200.67, 2557.15, 2877.48, 3265.33, 3620.37, 4014.96, 4402.63, 4787.67, 5232.96, 5685.26, 6102.78, 6484.41, 6958.0, 7420.81, 7839.93, 8227.63, 8619.81, 9084.41, 9538.41, 9990.63, 10395.31, 10780.68, 11033.04, 11442.86, 11860.71, 12372.35, 12587.22, 12912.69, 13349.47, 13646.08, 14181.8, 14537.5, 14993.33, 15391.17, 15468.4, 15531.75, 15118.0, 15442.33, 16083.33, 15918.0, 16334.0, 16918.5, 17159.5, 17331.0, 17698.0, 18095.0, 18654.0, 18933.0]","[500.0, 500.0, 585.37, 961.78, 1292.7, 1558.89, 1842.44, 2134.0, 2378.89, 2680.74, 3011.15, 3292.63, 3575.19, 3843.89, 4191.59, 4538.48, 4836.07, 5203.93, 5546.63, 5871.19, 6186.67, 6527.59, 6838.44, 7141.07, 7505.07, 7856.04, 8204.37, 8499.38, 8788.44, 9045.17, 9259.76, 9632.52, 9962.15, 10263.94, 10581.62, 10819.27, 11021.46, 11622.7, 11868.38, 12327.5, 12791.67, 12890.8, 13032.25, 13084.0, 13404.0, 13920.67, 14032.5, 14207.5, 14681.0, 14943.5, 15123.5, 15467.0, 15930.5, 15417.0, 15617.0]","[500.0, 500.37, 572.48, 891.37, 1244.78, 1596.93, 1956.85, 2329.78, 2751.96, 3134.7, 3519.7, 3941.93, 4363.44, 4774.3, 5206.07, 5649.48, 6040.89, 6505.74, 6913.44, 7290.81, 7768.19, 8204.78, 8651.67, 9093.33, 9536.7, 9958.33, 10424.7, 10781.58, 11137.16, 11332.13, 11726.05, 12141.24, 12734.6, 12919.72, 13456.75, 13880.13, 14194.92, 14749.7, 15070.5, 16072.0, 16400.0, 16797.6, 17304.25, 17717.0, 18220.67, 19106.33, 19736.5, 20039.0, 20461.5, 20771.5, 21038.5, 21412.0, 22003.0, 21266.0, 21477.0]","[500.0, 500.2, 572.18, 904.14, 1250.35, 1602.65, 1947.29, 2320.51, 2720.16, 3118.55, 3522.24, 3936.82, 4383.0, 4782.67, 5223.43, 5690.8, 6089.69, 6551.78, 6970.47, 7390.41, 7842.71, 8278.84, 8694.67, 9128.47, 9567.2, 10003.02, 10456.94, 10846.33, 11236.51, 11588.42, 11833.67, 12141.19, 12674.62, 13039.61, 13539.85, 13863.39, 14249.24, 14823.11, 15213.07, 16004.77, 16471.62, 16711.82, 16863.56, 17402.14, 17574.33, 18277.67, 19736.5, 20039.0, 20461.5, 20771.5, 21038.5, 21412.0, 22003.0, 21266.0, 21477.0]","[500.0, 500.0, 508.09, 700.96, 912.52, 1087.04, 1283.57, 1461.96, 1672.13, 1853.17, 2034.26, 2290.13, 2475.52, 2734.74, 2990.74, 3218.3, 3442.17, 3659.7, 3902.39, 4151.78, 4434.43, 4654.13, 4916.83, 5157.39, 5402.43, 5651.7, 5915.52, 6181.95, 6455.68, 6687.26, 7003.94, 7183.19, 7399.2, 7706.13, 7972.33, 8328.71, 8568.57, 8796.4, 9428.5, 9629.75, 9949.75, 9966.0, 10320.67, 10814.5, 10836.0, 11113.0, 11338.0, 11584.0, 11774.0, 12129.0, 12448.0]"
