Team,Golddiff,Side,Count,TopGold,JglGold,MidGold
SKT,"[0.0, -0.19, -5.58, -24.81, 4.87, -33.43, 75.77, 77.98, 17.74, -21.23, -57.6, -56.89, 48.43, 30.09, -50.15, -132.0, -0.89, 34.53, 16.85, 147.53, 12.09, 85.23, -33.0, 384.79, 364.46, 633.24, -448.62, -365.89, -302.77, -200.76, -167.82, -460.39, -633.6, -1258.84, -2522.92, -3481.92, -2951.79, -3503.62, -3291.13, -2633.29, -2655.91, -471.44, -1913.88, -3823.5, -4036.0, -800.0, -594.67, -2583.33, 3855.5, 4373.5, 5289.0, 5506.0, 6497.0, 5375.0, 6568.0]",Both,"[53, 53, 53, 53, 53, 53, 53, 53, 53, 53, 53, 53, 53, 53, 53, 53, 53, 53, 53, 53, 53, 53, 53, 52, 52, 51, 48, 45, 44, 42, 39, 38, 35, 31, 26, 24, 19, 16, 15, 14, 11, 9, 8, 6, 6, 3, 3, 3, 2, 2, 1, 1, 1, 1, 1]","[500.0, 500.09, 515.38, 817.64, 1147.32, 1493.24, 1806.81, 2151.14, 2501.4, 2847.07, 3205.46, 3568.01, 3933.24, 4304.52, 4702.63, 5083.74, 5466.0, 5878.68, 6270.57, 6689.26, 7067.44, 7464.52, 7906.85, 8354.58, 8785.73, 9265.43, 9650.1, 10072.67, 10494.53, 10884.14, 11326.86, 11774.74, 12194.03, 12637.98, 13035.77, 13467.5, 13890.63, 14363.78, 14805.5, 15226.93, 15606.27, 16000.33, 16375.81, 16644.33, 16945.75, 17612.67, 18187.83, 18727.17, 18781.25, 19067.5, 21324.5, 21578.0, 22199.5, 22615.0, 23499.0]","[500.0, 500.0, 600.89, 945.84, 1273.21, 1588.84, 1865.91, 2146.49, 2450.59, 2754.62, 3076.15, 3366.15, 3661.42, 3959.78, 4274.39, 4614.48, 4986.05, 5310.58, 5657.68, 6001.85, 6331.45, 6654.16, 6998.81, 7338.22, 7654.62, 8015.95, 8342.9, 8622.41, 8939.95, 9264.62, 9595.06, 9913.08, 10223.7, 10551.27, 10864.65, 11184.46, 11524.82, 11943.22, 12278.03, 12586.04, 12890.68, 13160.33, 13589.44, 13799.58, 14243.42, 14323.17, 14768.67, 15064.5, 15046.75, 15337.0, 16012.5, 16279.5, 16607.0, 16884.5, 17393.0]","[500.0, 500.0, 562.92, 877.03, 1210.78, 1554.17, 1890.84, 2230.87, 2611.52, 2993.3, 3374.67, 3769.9, 4139.22, 4502.25, 4932.16, 5343.8, 5758.42, 6208.85, 6634.58, 7019.92, 7422.41, 7846.85, 8259.17, 8703.64, 9132.88, 9569.26, 10020.78, 10405.96, 10883.43, 11325.56, 11733.28, 12205.49, 12668.76, 13130.11, 13612.58, 14092.9, 14450.95, 14930.81, 15401.67, 15820.96, 16113.95, 16568.17, 16957.88, 17448.25, 17857.58, 17487.33, 17900.17, 18498.0, 18985.25, 19283.0, 20124.0, 20512.5, 20937.0, 21140.5, 21680.5]"
SKT,"[0.0, -0.32, -0.52, 8.64, -25.88, -43.92, 24.04, 52.28, 2.52, -61.68, -118.96, -156.56, -16.4, -40.96, -112.8, -105.28, -189.04, 26.4, 144.56, 115.88, -105.44, -58.6, -108.0, -197.48, -410.48, -819.36, -926.56, -512.29, -623.67, 299.22, 213.24, 585.05, 1364.58, 760.88, -986.93, -720.86, -789.42, -410.67, -0.33, 819.67, -1069.75, 3140.33, 1863.0, 1265.33, 983.67, 4705.5, 5675.0, 4195.5, 3855.5, 4373.5, 5289.0, 5506.0, 6497.0, 5375.0, 6568.0]",Blue,"[53, 53, 53, 53, 53, 53, 53, 53, 53, 53, 53, 53, 53, 53, 53, 53, 53, 53, 53, 53, 53, 53, 53, 52, 52, 51, 48, 45, 44, 42, 39, 38, 35, 31, 26, 24, 19, 16, 15, 14, 11, 9, 8, 6, 6, 3, 3, 3, 2, 2, 1, 1, 1, 1, 1]","[500.0, 500.0, 518.62, 817.0, 1156.45, 1487.57, 1811.89, 2172.0, 2511.77, 2874.68, 3233.11, 3599.53, 3987.66, 4354.51, 4735.75, 5123.64, 5527.75, 5936.21, 6346.45, 6785.75, 7166.42, 7576.43, 8008.25, 8472.19, 8915.96, 9425.51, 9649.25, 10053.76, 10460.75, 10844.1, 11334.85, 11749.13, 12148.46, 12505.55, 12834.54, 13155.42, 13709.89, 14250.5, 14621.13, 15059.71, 15407.64, 15878.11, 15957.75, 15968.67, 16191.83, 16717.67, 17334.33, 17621.67, 17759.0, 18005.5, 20252.0, 20543.0, 21193.0, 21314.0, 22274.0]","[500.0, 500.0, 609.43, 944.72, 1286.08, 1590.75, 1876.55, 2150.13, 2458.04, 2772.77, 3085.79, 3379.21, 3672.02, 3975.0, 4291.85, 4611.45, 5010.7, 5344.91, 5693.51, 6059.23, 6365.49, 6698.58, 7037.28, 7414.63, 7737.35, 8151.04, 8402.83, 8682.91, 9010.39, 9330.79, 9668.15, 9950.71, 10219.86, 10524.26, 10698.42, 10961.38, 11363.63, 11696.94, 12032.67, 12407.71, 12679.55, 13227.33, 13500.75, 13642.83, 14103.5, 14603.0, 15024.0, 15274.67, 15873.5, 16225.5, 17847.0, 18182.0, 18653.0, 18992.0, 19659.0]","[500.0, 500.0, 551.64, 866.38, 1185.68, 1531.57, 1878.45, 2224.32, 2599.13, 2980.45, 3352.11, 3742.04, 4118.4, 4465.62, 4881.6, 5295.17, 5703.81, 6160.7, 6584.89, 6961.57, 7332.64, 7754.17, 8160.81, 8691.92, 9101.69, 9555.22, 9860.81, 10280.67, 10756.86, 11206.21, 11592.08, 12039.32, 12507.4, 12888.52, 13217.08, 13571.0, 13933.68, 14251.94, 14675.4, 15147.64, 15421.73, 16113.89, 16476.88, 16835.5, 17207.67, 17350.0, 17835.33, 18139.33, 19888.0, 20229.5, 20735.0, 21183.0, 21575.0, 21860.0, 22512.0]"
SKT,"[0.0, -0.07, -10.11, -54.68, 32.32, -24.07, 121.96, 100.93, 31.32, 14.89, -2.82, 32.11, 106.32, 93.54, 5.79, -155.86, 167.11, 41.79, -97.18, 175.79, 117.04, 213.64, 33.96, 923.93, 1082.0, 2029.96, 70.87, -198.57, 82.3, -806.0, -612.39, -1751.82, -3006.44, -3711.36, -4314.92, -7347.4, -6658.71, -7480.29, -8227.33, -8848.6, -6885.67, -7695.0, -8208.67, -8912.33, -9055.67, -11811.0, -13134.0, -16141.0]",Red,"[53, 53, 53, 53, 53, 53, 53, 53, 53, 53, 53, 53, 53, 53, 53, 53, 53, 53, 53, 53, 53, 53, 53, 52, 52, 51, 48, 45, 44, 42, 39, 38, 35, 31, 26, 24, 19, 16, 15, 14, 11, 9, 8, 6, 6, 3, 3, 3, 2, 2, 1, 1, 1, 1, 1]","[500.0, 500.19, 512.13, 818.28, 1138.19, 1498.91, 1801.74, 2130.28, 2491.02, 2819.45, 3177.81, 3536.49, 3878.81, 4254.53, 4669.51, 5043.83, 5404.25, 5821.15, 6194.68, 6592.77, 6968.47, 7352.6, 7805.45, 8236.96, 8655.5, 9105.35, 9650.96, 10091.58, 10528.32, 10924.19, 11318.87, 11800.34, 12239.6, 12770.42, 13237.0, 13779.58, 14071.37, 14477.06, 14989.87, 15394.14, 15804.91, 16122.56, 16793.88, 17320.0, 17699.67, 18507.67, 19041.33, 19832.67, 19803.5, 20129.5, 22397.0, 22613.0, 23206.0, 23916.0, 24724.0]","[500.0, 500.0, 592.34, 946.96, 1260.34, 1586.92, 1855.26, 2142.85, 2443.15, 2736.47, 3066.51, 3353.09, 3650.83, 3944.57, 4256.92, 4617.51, 4961.4, 5276.26, 5621.85, 5944.47, 6297.42, 6609.74, 6960.34, 7261.81, 7571.9, 7880.86, 8282.96, 8561.91, 8869.52, 9198.45, 9521.97, 9875.45, 10227.54, 10578.29, 11030.88, 11407.54, 11686.0, 12189.5, 12523.4, 12764.36, 13101.82, 13093.33, 13678.12, 13956.33, 14383.33, 14043.33, 14513.33, 14854.33, 14220.0, 14448.5, 14178.0, 14377.0, 14561.0, 14777.0, 15127.0]","[500.0, 500.0, 574.19, 887.68, 1235.89, 1576.77, 1903.23, 2237.42, 2623.91, 3006.15, 3397.23, 3797.75, 4160.04, 4538.89, 4982.72, 5392.43, 5813.04, 6257.0, 6684.28, 7078.28, 7512.17, 7939.53, 8357.53, 8715.37, 9164.08, 9583.31, 10180.75, 10531.24, 11010.0, 11444.9, 11874.49, 12371.66, 12830.11, 13371.71, 14008.08, 14614.79, 14968.21, 15609.69, 16127.93, 16494.29, 16806.18, 17022.44, 17438.88, 18061.0, 18507.5, 17624.67, 17965.0, 18856.67, 18082.5, 18336.5, 19513.0, 19842.0, 20299.0, 20421.0, 20849.0]"
MVP,"[0.0, 8.71, 12.89, 8.73, -19.36, -38.96, -64.64, -107.47, -47.18, -191.62, -75.42, -70.0, -13.18, -27.64, -126.07, -158.07, -85.91, -17.96, -134.2, -129.8, -37.93, -11.18, -282.04, -211.47, -279.33, -351.18, -583.98, -598.09, -944.62, -669.45, -579.71, -638.38, -2548.06, -2570.14, -2845.32, -3034.73, -2862.36, -2681.78, -5156.95, -4844.06, -4608.79, -3429.5, -5756.11, -4163.57, -3554.71, -4334.5, -4518.0, -3867.17, -3665.0, -1768.75, -1775.67, -4968.0, -5356.5]",Both,"[45, 45, 45, 45, 45, 45, 45, 45, 45, 45, 45, 45, 45, 45, 45, 45, 45, 45, 45, 45, 45, 45, 45, 45, 45, 45, 45, 44, 42, 38, 34, 34, 31, 28, 28, 26, 25, 23, 19, 17, 14, 12, 9, 7, 7, 6, 6, 6, 4, 4, 3, 2, 2]","[500.0, 500.92, 514.37, 814.13, 1149.82, 1487.07, 1790.72, 2127.79, 2473.22, 2777.92, 3148.27, 3503.61, 3842.83, 4227.57, 4607.0, 4975.48, 5378.83, 5757.94, 6139.84, 6536.84, 6934.99, 7293.08, 7721.41, 8141.74, 8557.67, 8984.44, 9399.5, 9810.31, 10213.92, 10570.04, 10933.16, 11313.66, 11773.45, 12117.2, 12519.11, 12981.23, 13437.48, 13803.0, 14286.18, 14600.68, 15049.43, 15415.12, 15945.28, 16471.93, 16838.71, 17292.17, 17633.83, 18018.58, 18737.38, 19136.25, 18934.0, 18536.5, 18817.5]","[500.0, 509.17, 610.52, 967.41, 1312.42, 1619.01, 1910.38, 2212.84, 2548.9, 2863.22, 3177.88, 3470.33, 3769.72, 4092.47, 4445.59, 4785.79, 5141.13, 5478.08, 5804.68, 6133.53, 6475.77, 6774.83, 7101.27, 7426.81, 7760.46, 8077.5, 8417.66, 8759.67, 9050.32, 9386.33, 9688.34, 10023.49, 10369.77, 10640.36, 11006.09, 11305.58, 11681.98, 11956.17, 12409.82, 12749.76, 13066.25, 13365.5, 13698.89, 13925.86, 14279.5, 14636.08, 14987.67, 15311.0, 16001.88, 16390.88, 16610.17, 16681.5, 17016.0]","[500.0, 503.98, 573.3, 885.84, 1229.81, 1586.63, 1917.03, 2272.93, 2645.92, 3022.3, 3392.47, 3789.06, 4188.22, 4559.87, 4955.14, 5368.14, 5775.18, 6189.28, 6574.91, 6960.54, 7381.29, 7747.86, 8158.83, 8590.29, 9001.71, 9434.87, 9861.07, 10283.49, 10698.88, 11106.11, 11586.1, 12018.4, 12519.15, 12891.73, 13338.2, 13680.25, 14089.38, 14513.11, 15049.39, 15429.41, 15770.0, 16204.88, 16589.11, 17220.36, 17588.0, 17941.92, 18441.25, 18926.17, 19619.88, 20234.0, 21220.83, 22958.0, 23291.75]"
MVP,"[0.0, -21.0, -32.04, -114.22, -182.87, -289.78, -285.09, -450.7, -368.22, -524.61, -499.7, -364.91, -272.09, -420.13, -636.52, -755.61, -859.04, -1089.43, -1416.74, -1483.48, -1551.43, -1580.48, -2068.22, -1943.39, -2453.52, -2639.87, -3109.74, -3223.27, -3258.48, -2615.11, -2790.24, -2787.29, -4853.62, -3764.14, -4598.07, -3890.15, -4485.62, -4412.58, -6657.27, -6193.0, -7062.14, -6028.4, -6676.6, -5591.5, -4380.75, -6048.67, -5905.67, -4800.33, -3396.33, -1992.33, -1775.67, -4968.0, -5356.5]",Blue,"[45, 45, 45, 45, 45, 45, 45, 45, 45, 45, 45, 45, 45, 45, 45, 45, 45, 45, 45, 45, 45, 45, 45, 45, 45, 45, 45, 44, 42, 38, 34, 34, 31, 28, 28, 26, 25, 23, 19, 17, 14, 12, 9, 7, 7, 6, 6, 6, 4, 4, 3, 2, 2]","[500.0, 501.11, 518.49, 814.02, 1146.82, 1488.93, 1787.71, 2118.76, 2471.36, 2769.6, 3160.56, 3524.47, 3877.62, 4268.56, 4634.96, 5002.36, 5435.73, 5833.07, 6203.36, 6569.67, 6979.78, 7344.89, 7752.51, 8188.02, 8579.02, 9022.09, 9394.6, 9783.91, 10146.26, 10502.68, 10883.62, 11231.88, 11535.81, 11889.36, 12262.71, 12742.88, 13217.92, 13574.43, 13651.0, 13912.82, 14287.29, 14946.58, 15047.89, 15581.57, 16036.43, 16356.67, 16635.83, 17078.67, 17490.25, 17982.25, 18272.67, 16703.5, 16871.0]","[500.0, 509.44, 612.24, 963.58, 1322.89, 1620.87, 1894.27, 2205.82, 2556.62, 2865.98, 3165.93, 3475.89, 3791.42, 4114.71, 4469.02, 4814.04, 5158.73, 5510.38, 5833.09, 6171.11, 6528.82, 6827.64, 7122.31, 7457.11, 7782.67, 8090.93, 8394.4, 8719.66, 8935.79, 9306.47, 9629.47, 9967.21, 10160.16, 10434.0, 10762.36, 11053.81, 11471.52, 11766.13, 12003.58, 12352.24, 12622.14, 12958.5, 13007.89, 13479.71, 13842.71, 14039.17, 14392.33, 14758.0, 15463.75, 16037.25, 16030.33, 15896.5, 16147.5]","[500.0, 507.22, 576.44, 885.49, 1226.29, 1581.78, 1913.18, 2253.71, 2614.56, 2978.53, 3364.87, 3754.87, 4155.93, 4520.71, 4899.0, 5300.16, 5709.16, 6132.13, 6511.36, 6911.04, 7329.96, 7726.89, 8098.02, 8527.64, 8951.8, 9373.8, 9758.16, 10169.0, 10572.05, 10989.29, 11498.62, 11928.41, 12263.9, 12687.61, 13107.0, 13361.0, 13764.92, 14158.83, 14534.79, 14940.94, 15613.43, 16172.08, 16570.11, 17687.86, 18132.57, 18754.17, 19297.0, 19895.17, 20340.0, 21309.75, 22138.33, 23573.0, 23846.0]"
MVP,"[0.0, 39.77, 59.86, 137.27, 151.59, 223.27, 165.82, 251.36, 288.45, 156.5, 368.14, 238.32, 257.5, 382.68, 407.59, 466.64, 722.36, 1102.23, 1206.64, 1285.41, 1544.36, 1629.45, 1585.32, 1599.18, 1993.68, 2041.55, 2056.59, 2027.09, 1369.24, 1276.21, 1630.82, 1510.53, -88.8, -1376.14, -1092.57, -2179.31, -1103.83, -793.64, -3094.0, -3326.5, -2155.43, -1573.14, -4605.5, -2259.67, -2453.33, -2620.33, -3130.33, -2934.0, -4471.0, -1098.0]",Red,"[45, 45, 45, 45, 45, 45, 45, 45, 45, 45, 45, 45, 45, 45, 45, 45, 45, 45, 45, 45, 45, 45, 45, 45, 45, 45, 45, 44, 42, 38, 34, 34, 31, 28, 28, 26, 25, 23, 19, 17, 14, 12, 9, 7, 7, 6, 6, 6, 4, 4, 3, 2, 2]","[500.0, 500.73, 510.24, 814.24, 1152.82, 1485.2, 1793.73, 2136.82, 2475.09, 2786.24, 3135.98, 3482.76, 3808.04, 4186.58, 4579.04, 4948.6, 5321.93, 5682.82, 6076.33, 6504.02, 6890.2, 7241.27, 7690.31, 8095.47, 8536.31, 8946.8, 9404.4, 9836.7, 10281.57, 10637.39, 10982.71, 11395.44, 12011.1, 12345.04, 12775.5, 13219.58, 13657.04, 14031.57, 14921.37, 15288.53, 15811.57, 15883.67, 16842.67, 17362.29, 17641.0, 18227.67, 18631.83, 18958.5, 19984.5, 20290.25, 19595.33, 20369.5, 20764.0]","[500.0, 508.89, 608.8, 971.24, 1301.96, 1617.16, 1926.49, 2219.87, 2541.18, 2860.47, 3189.82, 3464.78, 3748.02, 4070.22, 4422.16, 4757.53, 5123.53, 5445.78, 5776.27, 6095.96, 6422.71, 6722.02, 7080.22, 7396.51, 7738.24, 8064.07, 8440.91, 8799.68, 9164.86, 9466.18, 9747.21, 10079.76, 10579.39, 10846.71, 11249.82, 11557.35, 11892.44, 12146.22, 12816.05, 13147.29, 13510.36, 13772.5, 14389.89, 14372.0, 14716.29, 15233.0, 15583.0, 15864.0, 16540.0, 16744.5, 17190.0, 17466.5, 17884.5]","[500.0, 500.73, 570.16, 886.2, 1233.33, 1591.49, 1920.89, 2292.16, 2677.29, 3066.07, 3420.07, 3823.24, 4220.51, 4599.02, 5011.29, 5436.13, 5841.2, 6246.42, 6638.47, 7010.04, 7432.62, 7768.82, 8219.64, 8652.93, 9051.62, 9495.93, 9963.98, 10397.98, 10825.71, 11222.92, 11673.59, 12108.38, 12774.39, 13095.86, 13569.39, 13999.5, 14413.84, 14867.39, 15564.0, 15917.88, 15926.57, 16237.67, 16608.11, 16752.86, 17043.43, 17129.67, 17585.5, 17957.17, 18899.75, 19158.25, 20303.33, 22343.0, 22737.5]"
JAG,"[0.0, 0.06, -3.92, 5.79, -3.79, -2.96, -0.08, -6.96, 56.98, 45.54, 133.58, 124.56, 140.77, 127.9, 169.98, 298.75, 279.85, 526.75, 585.56, 587.29, 731.23, 765.5, 825.71, 704.77, 609.17, 665.25, 803.27, 89.2, 88.7, -1794.08, -1257.29, -1831.65, -1935.67, -1856.94, -2147.1, -2285.16, -1501.48, -1489.3, -1366.0, -177.25, -297.88, 579.0, -899.0, -1955.0, -1526.3, 1162.29, 1201.71, 1200.43, 1281.4, 1401.0, -390.0, -1205.5, -2645.33, -8302.5, -9022.0, -9181.5, -6678.0, -8342.0, -10210.0, -11509.0]",Both,"[48, 48, 48, 48, 48, 48, 48, 48, 48, 48, 48, 48, 48, 48, 48, 48, 48, 48, 48, 48, 48, 48, 48, 48, 48, 48, 48, 46, 44, 40, 35, 34, 33, 31, 31, 31, 27, 23, 22, 20, 17, 12, 11, 11, 10, 7, 7, 7, 5, 5, 4, 4, 3, 2, 2, 2, 1, 1, 1, 1]","[500.0, 500.0, 510.82, 820.3, 1137.95, 1486.1, 1805.32, 2136.74, 2491.01, 2810.48, 3188.14, 3544.6, 3891.18, 4256.61, 4640.36, 5022.77, 5426.83, 5813.92, 6187.86, 6574.22, 6936.95, 7296.58, 7701.56, 8092.8, 8510.66, 8971.6, 9350.84, 9794.54, 10192.08, 10577.59, 10955.84, 11340.63, 11753.95, 12114.18, 12511.1, 12943.06, 13218.22, 13636.0, 14184.89, 14579.1, 14925.09, 15213.75, 15680.64, 16075.14, 16442.95, 17036.36, 17367.79, 17663.0, 18064.8, 18371.1, 19045.38, 19507.88, 19719.0, 20392.5, 20733.25, 21015.25, 20858.5, 21097.0, 21908.0, 22380.0]","[500.0, 500.0, 604.25, 955.99, 1296.0, 1602.49, 1896.02, 2181.8, 2523.11, 2843.39, 3176.97, 3478.02, 3773.35, 4113.42, 4448.7, 4813.98, 5167.93, 5481.24, 5798.54, 6141.45, 6469.45, 6809.03, 7106.95, 7423.92, 7725.04, 8081.96, 8407.51, 8748.41, 9043.15, 9352.48, 9639.17, 9943.65, 10304.38, 10639.27, 10943.32, 11306.45, 11576.5, 11918.87, 12323.07, 12533.32, 12835.18, 12951.17, 13273.18, 13633.05, 14069.95, 14137.71, 14415.14, 14670.43, 15031.6, 15350.7, 15668.88, 16055.5, 16328.67, 16463.75, 16831.0, 17120.0, 17990.5, 18201.0, 18734.5, 19025.0]","[500.0, 500.0, 566.06, 881.52, 1216.54, 1570.61, 1897.46, 2248.73, 2620.51, 3008.59, 3390.11, 3784.28, 4163.29, 4510.35, 4919.98, 5333.06, 5733.31, 6162.01, 6550.11, 6966.21, 7380.77, 7781.08, 8185.01, 8600.03, 9012.43, 9471.69, 9863.72, 10300.59, 10715.94, 11149.96, 11555.4, 11946.38, 12358.38, 12803.03, 13180.03, 13656.94, 14004.28, 14378.57, 14870.09, 15301.1, 15681.18, 15821.88, 16260.09, 16748.55, 17032.85, 17292.0, 17625.57, 17934.43, 18642.6, 18990.8, 19500.5, 19955.38, 20087.67, 20725.0, 21111.75, 21379.5, 22611.0, 23148.0, 23811.0, 24332.5]"
JAG,"[0.0, 0.13, 26.96, 96.0, 124.43, 142.17, 163.39, 169.48, 327.83, 336.91, 559.43, 599.04, 648.74, 755.52, 789.39, 1078.35, 1102.65, 1535.04, 1675.87, 1797.09, 1912.22, 2067.48, 2242.35, 2175.91, 2033.52, 2153.09, 2461.7, 1640.55, 2378.1, -1139.47, 683.07, -380.29, -999.43, -684.5, -880.5, -1226.64, -1404.79, -1594.6, -2048.1, -1448.33, -1133.0, -743.6, -3072.25, -4182.5, -3041.67, 899.5, 1356.0, 1418.0]",Blue,"[48, 48, 48, 48, 48, 48, 48, 48, 48, 48, 48, 48, 48, 48, 48, 48, 48, 48, 48, 48, 48, 48, 48, 48, 48, 48, 48, 46, 44, 40, 35, 34, 33, 31, 31, 31, 27, 23, 22, 20, 17, 12, 11, 11, 10, 7, 7, 7, 5, 5, 4, 4, 3, 2, 2, 2, 1, 1, 1, 1]","[500.0, 500.0, 515.48, 825.9, 1150.33, 1495.15, 1811.5, 2153.81, 2517.75, 2836.04, 3221.52, 3582.75, 3926.04, 4292.46, 4688.27, 5085.5, 5464.88, 5878.79, 6255.06, 6648.02, 7037.6, 7395.85, 7808.56, 8217.33, 8619.5, 9095.33, 9479.44, 9866.02, 10260.2, 10403.62, 10820.74, 11153.44, 11553.06, 11860.77, 12218.97, 12650.19, 12991.67, 13418.17, 13942.14, 14462.8, 14780.82, 15207.67, 15608.18, 15854.36, 16305.8, 17056.0, 17388.71, 17726.14, 18174.4, 18445.4, 18943.25, 19247.0, 19410.0, 19158.5, 19464.5, 19695.5, 19149.0, 19271.0, 19644.0, 19893.0]","[500.0, 500.0, 597.08, 963.54, 1302.0, 1607.44, 1906.62, 2183.17, 2557.58, 2890.21, 3230.96, 3552.33, 3850.12, 4180.25, 4526.42, 4895.5, 5245.6, 5588.06, 5916.04, 6270.54, 6625.75, 6956.42, 7274.19, 7571.77, 7874.25, 8252.83, 8574.0, 8843.61, 9153.61, 9272.42, 9606.97, 9853.88, 10177.64, 10555.03, 10827.19, 11169.65, 11528.7, 11836.04, 12283.82, 12696.6, 13041.65, 13112.08, 13281.0, 13563.55, 14100.3, 14280.57, 14573.43, 14803.86, 15166.4, 15508.4, 15578.0, 15950.75, 16206.0, 15733.0, 15945.0, 16248.0, 17929.0, 18097.0, 18669.0, 18890.0]","[500.0, 500.0, 564.92, 868.67, 1206.4, 1555.62, 1885.02, 2227.48, 2600.54, 3000.38, 3395.52, 3791.35, 4158.69, 4498.17, 4895.69, 5321.1, 5726.98, 6181.75, 6583.79, 6985.52, 7422.0, 7833.19, 8227.5, 8642.35, 9043.27, 9509.17, 9924.56, 10250.43, 10664.05, 10886.32, 11337.66, 11698.03, 12102.18, 12528.68, 12903.03, 13348.61, 13772.7, 14189.3, 14683.32, 15078.25, 15611.06, 16126.25, 16477.73, 16839.64, 17060.8, 17982.0, 18331.14, 18665.14, 19144.0, 19492.2, 19710.25, 20061.75, 19689.33, 20392.0, 20701.0, 20917.5, 21396.0, 21567.0, 21939.0, 22660.0]"
JAG,"[0.0, 0.0, -32.32, -77.2, -121.76, -136.48, -150.48, -169.28, -192.2, -222.52, -258.2, -311.96, -326.56, -449.52, -399.88, -418.48, -477.12, -400.88, -417.52, -525.72, -355.28, -432.32, -477.6, -648.68, -701.24, -703.56, -722.48, -1332.88, -2001.61, -2277.91, -2712.55, -2847.6, -2625.53, -2822.47, -3190.18, -3156.88, -1605.62, -1408.31, -797.58, 862.73, 286.7, 1523.71, 342.86, -682.14, -876.86, 1267.4, 1140.0, 1113.4, 1281.4, 1401.0, -390.0, -1205.5, -2645.33, -8302.5, -9022.0, -9181.5, -6678.0, -8342.0, -10210.0, -11509.0]",Red,"[48, 48, 48, 48, 48, 48, 48, 48, 48, 48, 48, 48, 48, 48, 48, 48, 48, 48, 48, 48, 48, 48, 48, 48, 48, 48, 48, 46, 44, 40, 35, 34, 33, 31, 31, 31, 27, 23, 22, 20, 17, 12, 11, 11, 10, 7, 7, 7, 5, 5, 4, 4, 3, 2, 2, 2, 1, 1, 1, 1]","[500.0, 500.0, 506.17, 814.71, 1125.56, 1477.06, 1799.15, 2119.67, 2464.27, 2784.92, 3154.75, 3506.46, 3856.31, 4220.77, 4592.46, 4960.04, 5388.79, 5749.04, 6120.67, 6500.42, 6836.29, 7197.31, 7594.56, 7968.27, 8401.81, 8847.88, 9222.25, 9723.07, 10123.95, 10751.55, 11090.94, 11527.82, 11954.85, 12367.58, 12803.23, 13235.94, 13444.78, 13853.83, 14427.64, 14695.4, 15069.35, 15219.83, 15753.09, 16295.91, 16580.1, 17016.71, 17346.86, 17599.86, 17955.2, 18296.8, 19147.5, 19768.75, 20028.0, 21626.5, 22002.0, 22335.0, 22568.0, 22923.0, 24172.0, 24867.0]","[500.0, 500.0, 611.42, 948.44, 1290.0, 1597.54, 1885.42, 2180.44, 2488.65, 2796.56, 3122.98, 3403.71, 3696.58, 4046.58, 4370.98, 4732.46, 5090.25, 5374.42, 5681.04, 6012.35, 6313.15, 6661.65, 6939.71, 7276.06, 7575.83, 7911.08, 8241.02, 8653.22, 8932.68, 9432.52, 9671.37, 10033.41, 10431.12, 10723.52, 11059.45, 11443.26, 11624.3, 12001.7, 12362.32, 12370.05, 12628.71, 12790.25, 13265.36, 13702.55, 14039.6, 13994.86, 14256.86, 14537.0, 14896.8, 15193.0, 15759.75, 16160.25, 16451.33, 17194.5, 17717.0, 17992.0, 18052.0, 18305.0, 18800.0, 19160.0]","[500.0, 500.0, 567.21, 894.38, 1226.69, 1585.6, 1909.9, 2269.98, 2640.48, 3016.81, 3384.71, 3777.21, 4167.9, 4522.54, 4944.27, 5345.02, 5739.65, 6142.27, 6516.44, 6946.9, 7339.54, 7728.98, 8142.52, 8557.71, 8981.58, 9434.21, 9802.88, 10350.74, 10767.84, 11413.6, 11773.14, 12194.74, 12614.58, 13077.39, 13457.03, 13965.26, 14235.85, 14567.83, 15056.86, 15523.95, 15751.29, 15517.5, 16042.45, 16657.45, 17004.9, 16602.0, 16920.0, 17203.71, 18141.2, 18489.4, 19290.75, 19849.0, 20486.0, 21058.0, 21522.5, 21841.5, 23826.0, 24729.0, 25683.0, 26005.0]"
LZ,"[0.0, 10.35, 5.81, 1.0, 6.44, 19.85, 79.88, 27.44, -24.56, -117.65, -15.15, -2.5, 43.94, -17.38, -185.17, -168.92, -162.21, -208.27, -119.83, 36.69, 62.88, 50.83, -7.48, -92.96, -47.73, 95.92, -162.51, 238.64, 31.33, 581.66, 1241.06, 819.39, 440.87, 217.73, 42.67, 325.43, 0.55, 306.25, 390.64, 653.44, 830.44, 3247.62, 3309.17, 3094.67, 3569.67, 2115.2, 2575.4, 2578.25, 1179.67, 2036.33, 1862.33, 2846.33, 3899.67, 3920.67, 4616.0, 3881.0, 2905.0]",Both,"[48, 48, 48, 48, 48, 48, 48, 48, 48, 48, 48, 48, 48, 48, 48, 48, 48, 48, 48, 48, 48, 48, 48, 48, 48, 48, 45, 44, 42, 38, 35, 33, 31, 26, 24, 23, 22, 16, 11, 9, 9, 8, 6, 6, 6, 5, 5, 4, 3, 3, 3, 3, 3, 3, 3, 2, 1]","[500.0, 500.36, 508.9, 813.64, 1146.69, 1496.05, 1806.8, 2152.78, 2504.22, 2828.26, 3190.4, 3547.49, 3884.25, 4276.82, 4671.12, 5044.35, 5451.45, 5857.92, 6249.68, 6689.32, 7067.54, 7452.93, 7888.4, 8349.26, 8784.03, 9212.41, 9657.54, 10083.12, 10504.85, 10910.83, 11359.5, 11748.91, 12157.16, 12597.5, 12919.31, 13352.65, 13836.45, 14287.22, 14776.41, 15324.0, 15762.72, 16343.88, 17102.17, 17466.75, 17824.42, 18004.1, 18552.9, 18859.62, 19625.0, 20041.5, 20436.0, 20667.83, 21078.5, 21530.83, 22052.83, 21626.75, 21003.0]","[500.0, 500.42, 600.9, 949.3, 1278.78, 1591.18, 1876.81, 2166.82, 2468.42, 2764.14, 3062.42, 3339.5, 3620.1, 3949.01, 4268.15, 4610.09, 4975.35, 5272.29, 5605.03, 5941.01, 6253.59, 6610.36, 6937.41, 7270.06, 7616.33, 7949.65, 8286.4, 8583.58, 8908.07, 9223.47, 9607.14, 9943.2, 10293.06, 10584.77, 10924.69, 11268.43, 11594.32, 11953.88, 12366.64, 12660.22, 12997.11, 13313.81, 13556.75, 13840.5, 14230.42, 14731.8, 15155.1, 15480.62, 15934.67, 16374.67, 16700.0, 17018.67, 17399.17, 17740.17, 18081.0, 18736.0, 20238.5]","[500.0, 500.36, 568.24, 880.11, 1220.99, 1586.03, 1919.65, 2267.25, 2644.03, 3026.98, 3385.34, 3789.35, 4172.64, 4542.04, 4951.94, 5381.49, 5780.71, 6192.6, 6588.91, 6984.97, 7400.86, 7811.74, 8211.4, 8642.39, 9056.75, 9495.24, 9881.79, 10301.53, 10714.3, 11130.03, 11523.61, 11935.58, 12381.55, 12766.46, 13157.71, 13547.91, 13993.75, 14504.12, 14966.45, 15435.94, 15907.17, 16342.0, 16610.92, 16948.92, 17334.08, 17473.2, 17803.8, 18343.0, 19451.67, 19867.0, 20259.83, 20651.33, 21062.17, 21331.5, 21736.0, 22132.0, 22997.5]"
LZ,"[0.0, -0.68, -3.12, 27.32, 15.08, 103.44, 180.72, 227.24, 199.28, 232.72, 418.56, 528.72, 706.84, 675.64, 560.64, 756.32, 1030.72, 1032.36, 1155.48, 1246.64, 1516.24, 1661.44, 1839.32, 1908.84, 2266.84, 2785.84, 2276.3, 2824.0, 3278.0, 2759.1, 3862.83, 3290.12, 3702.2, 4024.17, 2892.91, 4342.3, 3925.44, 3196.0, 1498.4, -2855.75, -2820.25, -2200.75, 489.0, 409.0, 1756.0, -2503.5, -1548.0, -2360.0, -1741.0, -2219.0, -2660.0, 142.0, 2104.0, 2202.0, 3212.0, 3132.0, 2905.0]",Blue,"[48, 48, 48, 48, 48, 48, 48, 48, 48, 48, 48, 48, 48, 48, 48, 48, 48, 48, 48, 48, 48, 48, 48, 48, 48, 48, 45, 44, 42, 38, 35, 33, 31, 26, 24, 23, 22, 16, 11, 9, 9, 8, 6, 6, 6, 5, 5, 4, 3, 3, 3, 3, 3, 3, 3, 2, 1]","[500.0, 500.73, 511.0, 831.44, 1159.94, 1504.23, 1833.48, 2176.83, 2534.19, 2848.88, 3226.15, 3580.9, 3926.23, 4321.27, 4704.5, 5093.67, 5512.29, 5900.19, 6304.75, 6757.33, 7136.21, 7523.27, 7962.67, 8395.19, 8823.98, 9261.69, 9643.18, 10099.7, 10438.36, 10909.08, 11490.06, 11823.82, 12148.0, 12553.85, 12888.21, 13282.65, 13720.73, 14294.75, 14629.45, 15207.0, 15676.0, 16405.5, 17192.67, 17486.83, 17878.67, 17668.4, 18235.4, 18391.75, 18799.33, 19177.33, 19422.67, 19681.0, 20081.33, 20377.33, 20838.0, 20413.0, 19700.0]","[500.0, 500.52, 604.27, 951.12, 1287.96, 1603.35, 1893.92, 2169.71, 2462.67, 2740.25, 3059.83, 3328.35, 3608.56, 3937.29, 4229.33, 4566.44, 4938.98, 5237.98, 5591.31, 5937.5, 6259.23, 6599.4, 6917.25, 7247.06, 7606.62, 7959.65, 8280.18, 8625.82, 8992.14, 9354.84, 9794.06, 10095.73, 10422.23, 10700.08, 11028.29, 11433.09, 11747.32, 12085.69, 12560.55, 13004.89, 13343.67, 13968.5, 14117.5, 14392.67, 14850.0, 15298.4, 15799.0, 16126.75, 16429.0, 16994.0, 17393.67, 17820.33, 18366.67, 18790.0, 19207.0, 19319.5, 19916.0]","[500.0, 500.52, 563.77, 864.75, 1208.04, 1560.56, 1909.5, 2245.9, 2624.54, 2999.02, 3351.75, 3771.12, 4156.21, 4507.5, 4899.31, 5340.04, 5728.56, 6131.94, 6542.15, 6943.62, 7361.81, 7763.56, 8161.92, 8590.79, 8993.94, 9463.0, 9826.8, 10256.57, 10675.83, 11091.26, 11540.11, 11885.55, 12331.06, 12696.81, 13074.83, 13490.57, 13870.73, 14358.06, 14642.0, 14982.22, 15447.56, 16234.38, 16856.67, 17241.83, 17655.33, 17644.6, 17974.4, 18648.75, 19584.67, 20024.0, 20393.67, 20910.0, 21398.0, 21739.0, 22242.67, 22462.5, 25394.0]"
LZ,"[0.0, 22.35, 15.52, -27.61, -2.96, -71.0, -29.74, -189.74, -267.87, -498.48, -486.57, -579.91, -676.61, -770.65, -995.83, -1174.61, -1458.87, -1556.78, -1506.04, -1278.48, -1516.87, -1699.83, -2014.87, -2268.83, -2563.57, -2827.91, -2712.18, -2592.95, -3215.33, -1837.72, -1534.94, -1506.0, -2616.62, -3044.93, -2369.08, -2764.46, -2716.69, -1941.33, -532.5, 3460.8, 3751.0, 8696.0, 6129.33, 5780.33, 5383.33, 5194.33, 5324.33, 4224.33, 2640.0, 4164.0, 4123.5, 4198.5, 4797.5, 4780.0, 5318.0, 4630.0]",Red,"[48, 48, 48, 48, 48, 48, 48, 48, 48, 48, 48, 48, 48, 48, 48, 48, 48, 48, 48, 48, 48, 48, 48, 48, 48, 48, 45, 44, 42, 38, 35, 33, 31, 26, 24, 23, 22, 16, 11, 9, 9, 8, 6, 6, 6, 5, 5, 4, 3, 3, 3, 3, 3, 3, 3, 2, 1]","[500.0, 500.0, 506.79, 795.83, 1133.44, 1487.88, 1780.12, 2128.73, 2474.25, 2807.65, 3154.65, 3514.08, 3842.27, 4232.38, 4637.75, 4995.04, 5390.6, 5815.65, 6194.6, 6621.31, 6998.88, 7382.58, 7814.12, 8303.33, 8744.08, 9163.12, 9671.91, 10066.55, 10571.33, 10912.58, 11228.94, 11674.0, 12166.32, 12641.15, 12950.42, 13422.65, 13952.18, 14279.69, 14923.36, 15441.0, 15849.44, 16282.25, 17011.67, 17446.67, 17770.17, 18339.8, 18870.4, 19327.5, 20450.67, 20905.67, 21449.33, 21654.67, 22075.67, 22684.33, 23267.67, 22840.5, 22306.0]","[500.0, 500.31, 597.52, 947.48, 1269.6, 1579.0, 1859.71, 2163.94, 2474.17, 2788.02, 3065.0, 3350.65, 3631.65, 3960.73, 4306.96, 4653.75, 5011.73, 5306.6, 5618.75, 5944.52, 6247.96, 6621.33, 6957.56, 7293.06, 7626.04, 7939.65, 8292.62, 8541.34, 8824.0, 9092.11, 9420.23, 9790.67, 10163.9, 10469.46, 10821.08, 11103.78, 11441.32, 11822.06, 12172.73, 12315.56, 12650.56, 12659.12, 12996.0, 13288.33, 13610.83, 14165.2, 14511.2, 14834.5, 15440.33, 15755.33, 16006.33, 16217.0, 16431.67, 16690.33, 16955.0, 18152.5, 20561.0]","[500.0, 500.21, 572.71, 895.48, 1233.94, 1611.5, 1929.79, 2288.6, 2663.52, 3054.94, 3418.94, 3807.58, 4189.06, 4576.58, 5004.56, 5422.94, 5832.85, 6253.27, 6635.67, 7026.31, 7439.92, 7859.92, 8260.88, 8693.98, 9119.56, 9527.48, 9936.78, 10346.5, 10752.76, 11168.79, 11507.11, 11985.61, 12432.03, 12836.12, 13240.58, 13605.26, 14116.77, 14650.19, 15290.91, 15889.67, 16366.78, 16449.62, 16365.17, 16656.0, 17012.83, 17301.8, 17633.2, 18037.25, 19318.67, 19710.0, 20126.0, 20392.67, 20726.33, 20924.0, 21229.33, 21801.5, 20601.0]"
KT,"[0.0, 9.05, 11.29, 37.82, 86.91, 81.09, 199.98, 183.02, 239.49, 374.65, 478.53, 534.67, 694.13, 797.22, 803.09, 962.02, 1083.82, 1277.98, 1270.47, 1513.84, 1578.07, 1615.31, 1709.15, 1822.22, 2231.09, 2510.96, 2501.65, 2563.49, 1948.87, 2166.33, 2181.66, 1680.3, 1790.14, 1093.13, 1111.6, 353.78, -130.29, -416.32, 238.47, -387.33, -1515.57, -195.0, -383.0, -413.1, -1412.56, -339.0, -435.43, 115.83, 893.83, 1348.83, 1036.0, 687.5, 812.83, 781.2, 927.2, 1035.4, 550.5, -373.67, -1613.33, -4392.5, 6582.0]",Both,"[55, 55, 55, 55, 55, 55, 55, 55, 55, 55, 55, 55, 55, 55, 55, 55, 55, 55, 55, 55, 55, 55, 55, 55, 55, 55, 54, 51, 47, 45, 38, 37, 35, 30, 25, 23, 21, 19, 17, 15, 14, 10, 10, 10, 9, 7, 7, 6, 6, 6, 6, 6, 6, 5, 5, 5, 4, 3, 3, 2, 1]","[500.0, 500.23, 516.75, 832.02, 1172.59, 1517.77, 1836.54, 2182.8, 2527.65, 2873.28, 3237.94, 3600.87, 3959.05, 4347.81, 4729.44, 5107.95, 5491.58, 5896.01, 6295.95, 6712.5, 7109.15, 7488.37, 7917.15, 8318.62, 8773.91, 9192.02, 9611.06, 10067.63, 10478.45, 10902.21, 11307.62, 11684.7, 12089.86, 12462.47, 12819.54, 13193.83, 13550.88, 14017.42, 14490.09, 14867.6, 15251.86, 15765.95, 16114.3, 16502.1, 16868.56, 17144.86, 17470.07, 17524.33, 17849.08, 18203.58, 18529.42, 18826.25, 19080.0, 19714.9, 20069.1, 20330.1, 20064.12, 20676.0, 21117.83, 21905.0, 21874.5]","[500.0, 500.27, 602.29, 972.48, 1311.64, 1625.94, 1908.86, 2213.06, 2512.14, 2832.74, 3172.05, 3466.61, 3768.0, 4101.94, 4414.85, 4760.55, 5097.9, 5422.12, 5761.25, 6098.02, 6451.8, 6785.94, 7132.73, 7444.25, 7798.83, 8151.67, 8493.84, 8835.05, 9145.84, 9525.73, 9812.75, 10139.03, 10463.64, 10770.73, 11155.02, 11502.85, 11819.21, 12181.61, 12543.59, 12753.47, 13048.21, 13312.5, 13617.15, 13929.7, 14184.28, 14513.71, 14827.14, 15188.67, 15470.75, 15834.58, 16152.08, 16456.75, 16733.08, 17092.1, 17425.4, 17731.1, 18130.25, 18288.5, 18648.67, 18984.25, 19452.5]","[500.0, 500.23, 569.01, 880.21, 1201.77, 1554.08, 1859.11, 2214.9, 2601.61, 2975.66, 3360.06, 3758.65, 4135.85, 4517.91, 4914.72, 5338.67, 5734.55, 6146.85, 6535.33, 6925.89, 7336.17, 7754.18, 8207.87, 8618.79, 9078.65, 9527.53, 9942.75, 10402.54, 10859.69, 11262.68, 11728.92, 12142.05, 12576.14, 13001.72, 13483.62, 13971.57, 14381.74, 14845.68, 15470.56, 16081.73, 16566.21, 17193.8, 17624.1, 18067.05, 18493.61, 18884.5, 19292.43, 19770.92, 20200.83, 20738.83, 21069.92, 21454.0, 21737.58, 21967.7, 22370.6, 22743.6, 23460.88, 23717.33, 24184.5, 24050.5, 24705.0]"
KT,"[0.0, 17.79, 19.28, 79.21, 210.31, 325.66, 439.03, 602.72, 664.79, 953.21, 1165.55, 1238.38, 1369.72, 1690.62, 1795.03, 2164.97, 2356.28, 2581.03, 2619.83, 3054.17, 3274.69, 3579.9, 3672.59, 3967.66, 4792.38, 5261.55, 5424.68, 5874.52, 4942.48, 5183.77, 3576.39, 2589.24, 1948.19, -87.75, 2953.1, 2200.0, 2260.29, -148.0, 1700.4, 1250.0, 1075.6, 1609.2, 1625.6, 1611.0, 336.0, 1787.0, 1739.67, 1718.67, 2530.0, 2609.33, 1893.0, 1300.0, 1237.33, 723.33, 648.0, 724.33, -1331.0, -2235.5, -3907.0, -11509.0]",Blue,"[55, 55, 55, 55, 55, 55, 55, 55, 55, 55, 55, 55, 55, 55, 55, 55, 55, 55, 55, 55, 55, 55, 55, 55, 55, 55, 54, 51, 47, 45, 38, 37, 35, 30, 25, 23, 21, 19, 17, 15, 14, 10, 10, 10, 9, 7, 7, 6, 6, 6, 6, 6, 6, 5, 5, 5, 4, 3, 3, 2, 1]","[500.0, 500.45, 519.8, 846.96, 1197.82, 1525.82, 1875.53, 2227.89, 2579.71, 2949.04, 3307.96, 3663.71, 4041.84, 4460.13, 4831.42, 5238.16, 5636.58, 6059.05, 6467.64, 6894.75, 7288.38, 7665.89, 8086.51, 8501.49, 9005.64, 9474.16, 9896.07, 10352.86, 10707.57, 11159.89, 11528.11, 11765.05, 12189.46, 12413.07, 12791.4, 13055.09, 13331.76, 13750.89, 14234.18, 14561.67, 14851.79, 15516.8, 15842.4, 16243.9, 16384.44, 16731.43, 17073.14, 17058.17, 17461.67, 17812.83, 18043.83, 18260.83, 18462.17, 19072.8, 19412.4, 19659.6, 19574.0, 20408.67, 20637.67, 19684.0, 20146.0]","[500.0, 500.45, 604.02, 989.56, 1334.62, 1638.11, 1927.44, 2224.71, 2524.31, 2834.53, 3185.91, 3504.82, 3824.75, 4169.55, 4475.18, 4826.15, 5179.87, 5524.47, 5859.44, 6248.24, 6619.98, 6941.67, 7313.45, 7648.27, 8040.62, 8421.58, 8776.78, 9118.1, 9369.79, 9785.4, 10040.42, 10301.59, 10609.74, 10865.5, 11203.44, 11470.7, 11719.57, 12052.21, 12415.29, 12698.13, 12887.29, 13417.6, 13712.2, 14054.1, 14290.67, 14615.0, 14961.57, 15465.17, 15834.5, 16269.17, 16578.33, 16866.5, 17210.0, 17731.8, 18093.2, 18433.6, 18618.75, 18774.0, 19114.67, 19130.5, 20151.0]","[500.0, 500.45, 564.53, 867.89, 1186.31, 1547.78, 1861.96, 2206.33, 2596.09, 2984.09, 3383.22, 3782.96, 4174.69, 4542.42, 4941.91, 5391.35, 5779.58, 6188.98, 6572.64, 6967.84, 7384.09, 7826.4, 8272.47, 8708.49, 9206.89, 9660.2, 10039.5, 10542.8, 10927.51, 11331.98, 11826.39, 12207.97, 12651.77, 13023.5, 13542.2, 14042.65, 14456.76, 14942.21, 15610.47, 15972.2, 16197.36, 17005.3, 17390.8, 17810.6, 18159.44, 18795.29, 19188.0, 19560.33, 20126.5, 20721.17, 21122.33, 21448.0, 21707.17, 21682.8, 22076.2, 22383.2, 23534.75, 23306.67, 23576.0, 23680.5, 26151.0]"
KT,"[0.0, -0.69, 2.38, -8.35, -50.73, -191.69, -66.65, -285.12, -234.88, -270.65, -287.77, -250.23, -59.42, -199.27, -303.31, -379.73, -335.46, -175.42, -234.58, -204.23, -314.31, -575.96, -480.85, -570.77, -625.73, -557.0, -646.23, -620.19, -920.0, -719.91, 926.4, 907.7, 1657.05, 1880.39, -116.07, -833.07, -1325.57, -540.15, -370.67, -1206.0, -2955.11, -1999.2, -2391.6, -2437.2, -2811.4, -1933.5, -2066.75, -1487.0, -742.33, 88.33, 179.0, 75.0, 388.33, 868.0, 1346.0, 1502.0, 2432.0, 3350.0, 2974.0, 2724.0, 6582.0]",Red,"[55, 55, 55, 55, 55, 55, 55, 55, 55, 55, 55, 55, 55, 55, 55, 55, 55, 55, 55, 55, 55, 55, 55, 55, 55, 55, 54, 51, 47, 45, 38, 37, 35, 30, 25, 23, 21, 19, 17, 15, 14, 10, 10, 10, 9, 7, 7, 6, 6, 6, 6, 6, 6, 5, 5, 5, 4, 3, 3, 2, 1]","[500.0, 500.0, 513.69, 817.07, 1147.36, 1509.73, 1797.55, 2137.71, 2475.58, 2797.53, 3167.91, 3538.04, 3876.27, 4235.49, 4627.45, 4977.73, 5346.58, 5732.96, 6124.27, 6530.25, 6929.93, 7310.85, 7747.78, 8135.75, 8542.18, 8909.87, 9326.04, 9782.39, 10249.32, 10644.53, 11087.13, 11604.35, 11990.26, 12511.87, 12847.68, 13332.57, 13770.0, 14283.95, 14746.0, 15173.53, 15651.93, 16015.1, 16386.2, 16760.3, 17352.67, 17558.29, 17867.0, 17990.5, 18236.5, 18594.33, 19015.0, 19391.67, 19697.83, 20357.0, 20725.8, 21000.6, 20554.25, 20943.33, 21598.0, 24126.0, 23603.0]","[500.0, 500.09, 600.56, 955.4, 1288.65, 1613.76, 1890.29, 2201.42, 2499.96, 2830.95, 3158.18, 3428.4, 3711.25, 4034.33, 4354.51, 4694.96, 5015.93, 5319.76, 5663.05, 5947.8, 6283.62, 6630.2, 6952.0, 7240.24, 7557.04, 7881.76, 8210.91, 8552.0, 8921.89, 9266.07, 9585.08, 9976.46, 10317.54, 10675.97, 11106.6, 11535.0, 11918.86, 12311.0, 12671.88, 12808.8, 13209.14, 13207.4, 13522.1, 13805.3, 14077.89, 14412.43, 14692.71, 14912.17, 15107.0, 15400.0, 15725.83, 16047.0, 16256.17, 16452.4, 16757.6, 17028.6, 17641.75, 17803.0, 18182.67, 18838.0, 18754.0]","[500.0, 500.0, 573.49, 892.53, 1217.24, 1560.38, 1856.25, 2223.47, 2607.13, 2967.24, 3336.91, 3734.33, 4097.0, 4493.4, 4887.53, 5286.0, 5689.51, 6104.71, 6498.02, 6883.95, 7288.25, 7681.96, 8143.27, 8529.09, 8950.4, 9394.85, 9846.0, 10262.27, 10791.87, 11193.38, 11631.45, 12076.14, 12500.51, 12979.93, 13425.04, 13900.48, 14306.71, 14749.16, 15330.65, 16191.27, 16935.07, 17382.3, 17857.4, 18323.5, 18827.78, 18973.71, 19396.86, 19981.5, 20275.17, 20756.5, 21017.5, 21460.0, 21768.0, 22252.6, 22665.0, 23104.0, 23387.0, 24128.0, 24793.0, 24420.5, 23259.0]"
EEW,"[0.0, 18.16, -10.14, -13.29, -25.53, 114.94, 144.65, 174.63, 223.04, 397.76, 495.18, 491.31, 569.86, 566.94, 418.27, 417.45, 669.39, 728.92, 677.12, 777.65, 793.35, 514.06, 552.92, 950.77, 863.38, 846.45, 995.96, 1700.02, 1440.81, 1087.38, 679.58, 293.48, 543.17, 919.66, 775.0, 341.04, 342.83, 757.35, 847.64, 1472.81, 728.68, 1202.38, -84.73, -2585.12, -4706.29, -4649.0, -3533.0, -678.5, -4618.0, -1610.0]",Both,"[49, 49, 49, 49, 49, 49, 49, 49, 49, 49, 49, 49, 49, 49, 49, 49, 49, 49, 49, 49, 49, 49, 49, 48, 47, 47, 47, 45, 43, 37, 33, 31, 30, 29, 29, 26, 24, 23, 22, 21, 19, 16, 11, 8, 7, 3, 3, 2, 1, 1]","[500.0, 500.61, 515.34, 822.34, 1156.58, 1501.93, 1808.56, 2153.62, 2495.73, 2827.42, 3183.8, 3528.42, 3876.23, 4256.39, 4622.19, 5006.95, 5396.27, 5751.19, 6135.26, 6538.79, 6936.07, 7333.87, 7735.4, 8162.82, 8584.9, 8994.72, 9425.95, 9800.86, 10205.42, 10552.08, 10947.71, 11352.89, 11807.27, 12182.19, 12573.78, 13033.94, 13419.4, 13826.04, 14239.05, 14518.62, 14781.95, 15079.47, 15533.77, 15802.94, 16279.71, 17133.67, 17421.17, 17237.5, 18213.5, 18614.0]","[500.0, 504.34, 600.03, 951.89, 1292.76, 1606.65, 1895.45, 2174.23, 2491.52, 2815.65, 3146.78, 3437.54, 3755.46, 4070.04, 4410.23, 4752.99, 5095.22, 5401.34, 5741.09, 6091.42, 6401.84, 6724.54, 7039.72, 7357.84, 7690.87, 8030.93, 8376.76, 8659.28, 8978.34, 9322.92, 9602.88, 9912.94, 10278.57, 10609.43, 10989.03, 11320.98, 11626.23, 11905.54, 12258.75, 12557.4, 12928.79, 13370.53, 13655.73, 13813.31, 14127.43, 14247.33, 14537.5, 15023.0, 14754.0, 15101.5]","[500.0, 503.42, 577.08, 892.2, 1236.55, 1598.95, 1934.28, 2290.56, 2668.38, 3065.07, 3449.0, 3862.49, 4260.26, 4637.23, 5048.95, 5454.83, 5871.88, 6273.51, 6667.92, 7084.38, 7487.04, 7879.55, 8324.73, 8708.24, 9160.38, 9598.45, 10040.98, 10442.73, 10883.97, 11261.35, 11680.45, 12105.84, 12571.25, 12997.09, 13446.09, 13910.23, 14349.44, 14824.09, 15205.32, 15628.55, 16133.21, 16556.22, 16983.09, 17280.75, 17556.93, 17841.67, 18329.17, 18195.5, 18501.5, 18909.5]"
EEW,"[0.0, 35.48, -21.6, -81.52, -75.88, 29.24, 5.72, -78.36, -142.8, -55.04, -112.6, -149.04, -173.0, -360.0, -549.24, -756.92, -580.64, -609.12, -782.0, -783.36, -934.84, -1346.72, -1496.56, -1119.67, -1487.71, -1776.08, -1855.75, -819.27, -405.86, -97.95, 1100.21, 1714.72, 2303.59, 1816.41, 1864.65, 439.27, 1226.86, 2056.31, 2791.5, 2995.58, 1940.18, 4530.11, 1163.6, -2521.0, -4259.33, -6153.0, -4249.0]",Blue,"[49, 49, 49, 49, 49, 49, 49, 49, 49, 49, 49, 49, 49, 49, 49, 49, 49, 49, 49, 49, 49, 49, 49, 48, 47, 47, 47, 45, 43, 37, 33, 31, 30, 29, 29, 26, 24, 23, 22, 21, 19, 16, 11, 8, 7, 3, 3, 2, 1, 1]","[500.0, 501.22, 520.92, 828.37, 1167.59, 1522.45, 1843.1, 2191.39, 2539.55, 2884.22, 3242.49, 3580.08, 3935.76, 4326.47, 4693.49, 5099.94, 5521.65, 5878.86, 6293.71, 6706.12, 7100.63, 7476.16, 7875.94, 8332.88, 8754.55, 9182.55, 9624.57, 10085.51, 10474.93, 10812.95, 11183.55, 11518.13, 12028.47, 12476.9, 12864.24, 13236.96, 13623.38, 14098.52, 14454.77, 14789.52, 14936.11, 15354.44, 15685.27, 15947.25, 16227.57, 17947.67, 18347.0, 18786.5, 20723.0, 21360.0]","[500.0, 508.67, 602.31, 952.78, 1295.51, 1636.65, 1927.67, 2217.22, 2546.14, 2887.98, 3248.14, 3536.96, 3862.84, 4176.37, 4504.9, 4833.61, 5202.55, 5525.76, 5848.49, 6215.65, 6546.73, 6829.1, 7146.37, 7518.62, 7856.36, 8181.7, 8568.79, 8909.49, 9219.93, 9544.78, 9803.06, 10044.71, 10396.5, 10795.66, 11123.86, 11452.88, 11753.54, 12061.61, 12406.5, 12775.48, 13125.16, 13626.94, 13712.91, 13556.75, 13785.57, 13572.67, 13923.0, 14602.0, 13713.0, 14174.0]","[500.0, 506.84, 569.06, 876.96, 1222.55, 1587.86, 1931.27, 2282.76, 2654.47, 3086.06, 3474.63, 3900.47, 4292.92, 4660.49, 5050.14, 5455.49, 5904.65, 6315.33, 6691.76, 7117.31, 7507.22, 7877.59, 8325.9, 8757.25, 9221.17, 9654.06, 10093.47, 10556.53, 10988.44, 11306.89, 11750.79, 12138.1, 12624.43, 13078.52, 13524.14, 13939.46, 14409.5, 14888.78, 15219.36, 15682.43, 16112.21, 16633.62, 16642.55, 16466.88, 16352.14, 16502.67, 17239.33, 16574.5, 16024.0, 16717.0]"
EEW,"[0.0, 0.12, 1.79, 57.79, 26.92, 204.21, 289.38, 438.17, 604.12, 869.42, 1128.29, 1158.33, 1343.67, 1532.5, 1426.08, 1640.75, 1971.5, 2122.71, 2197.04, 2403.71, 2593.54, 2452.38, 2687.79, 3021.21, 3316.7, 3583.0, 3971.65, 4109.78, 3375.43, 2481.88, 108.71, -1674.38, -1758.92, -350.75, -768.67, 207.09, -894.8, -931.3, -1485.0, -557.56, -937.12, -3076.14, -1125.0, -2623.6, -5041.5, -3897.0, -3175.0, -678.5, -4618.0, -1610.0]",Red,"[49, 49, 49, 49, 49, 49, 49, 49, 49, 49, 49, 49, 49, 49, 49, 49, 49, 49, 49, 49, 49, 49, 49, 48, 47, 47, 47, 45, 43, 37, 33, 31, 30, 29, 29, 26, 24, 23, 22, 21, 19, 16, 11, 8, 7, 3, 3, 2, 1, 1]","[500.0, 500.0, 509.76, 816.31, 1145.57, 1481.41, 1774.02, 2115.86, 2451.92, 2770.61, 3125.1, 3476.76, 3816.71, 4186.31, 4550.9, 4913.96, 5270.88, 5623.53, 5976.8, 6371.45, 6771.51, 7191.57, 7594.86, 7992.77, 8415.26, 8806.89, 9227.32, 9516.2, 9935.91, 10291.22, 10711.88, 11187.65, 11586.07, 11887.48, 12283.31, 12830.92, 13215.42, 13553.57, 14023.32, 14247.71, 14627.79, 14804.5, 15382.27, 15658.62, 16331.86, 16319.67, 16495.33, 15688.5, 15704.0, 15868.0]","[500.0, 500.0, 597.76, 951.0, 1290.0, 1576.65, 1863.22, 2131.24, 2436.9, 2743.33, 3045.41, 3338.12, 3648.08, 3963.71, 4315.57, 4672.37, 4987.9, 5276.92, 5633.69, 5967.18, 6256.94, 6619.98, 6933.08, 7197.06, 7525.38, 7880.15, 8184.72, 8409.07, 8736.74, 9101.05, 9402.7, 9781.16, 10160.63, 10423.21, 10854.21, 11189.08, 11498.92, 11749.48, 12111.0, 12339.33, 12732.42, 13114.12, 13598.55, 14069.88, 14469.29, 14922.0, 15152.0, 15444.0, 15795.0, 16029.0]","[500.0, 500.0, 585.1, 907.45, 1250.55, 1610.04, 1937.29, 2298.37, 2682.29, 3044.08, 3423.37, 3824.51, 4227.59, 4613.98, 5047.76, 5454.16, 5839.1, 6231.69, 6644.08, 7051.45, 7466.86, 7881.51, 8323.57, 8659.23, 9099.6, 9542.83, 9988.49, 10328.93, 10779.49, 11215.81, 11610.12, 12073.58, 12518.07, 12915.66, 13368.03, 13881.0, 14289.38, 14759.39, 15191.27, 15574.67, 16154.21, 16478.81, 17323.64, 18094.62, 18761.71, 19180.67, 19419.0, 19816.5, 20979.0, 21102.0]"
AFS,"[0.0, 9.22, 10.78, 59.2, 96.85, 84.83, 133.85, 154.18, 214.7, 258.77, 229.9, 276.1, 336.5, 354.83, 321.12, 348.18, 308.08, 304.18, 353.43, 530.93, 569.08, 717.68, 843.77, 940.07, 1045.18, 932.07, 1075.02, 1411.4, 1020.23, 1469.9, 1045.3, 1785.11, 745.43, 909.22, -22.83, 425.7, 990.23, 1895.59, 695.83, 2432.23, 2009.25, 2213.14, -1612.64, -2902.56, -2047.43, -203.2, 238.4, 1224.75, 1455.0, 2845.5, 5420.0, 5267.5, 4144.0, 2366.0, 2596.0, 2285.0, 3549.0]",Both,"[60, 60, 60, 60, 60, 60, 60, 60, 60, 60, 60, 60, 60, 60, 60, 60, 60, 60, 60, 60, 60, 60, 60, 60, 60, 60, 59, 55, 52, 51, 46, 45, 42, 40, 35, 33, 30, 27, 24, 22, 16, 14, 11, 9, 7, 5, 5, 4, 4, 4, 2, 2, 1, 1, 1, 1, 1]","[500.0, 500.98, 513.89, 825.91, 1164.28, 1501.07, 1814.77, 2147.57, 2483.27, 2810.81, 3171.32, 3534.69, 3891.27, 4269.31, 4668.03, 5042.32, 5455.72, 5839.69, 6231.76, 6626.11, 7023.47, 7399.62, 7817.88, 8218.82, 8662.11, 9124.17, 9545.96, 9956.44, 10351.19, 10785.25, 11114.86, 11548.52, 12002.26, 12425.58, 12753.36, 13180.55, 13637.92, 14066.94, 14455.6, 14891.27, 15450.12, 15874.79, 16353.95, 16656.17, 17025.93, 17673.2, 18032.2, 18168.88, 18514.62, 18871.88, 20058.0, 20341.25, 20804.0, 21168.0, 21674.5, 21954.0, 22289.5]","[500.0, 506.96, 614.78, 976.74, 1323.06, 1630.02, 1901.68, 2218.0, 2535.08, 2844.73, 3161.02, 3460.39, 3761.47, 4097.23, 4432.52, 4756.61, 5103.15, 5424.07, 5752.65, 6094.45, 6426.34, 6762.54, 7086.41, 7416.38, 7776.06, 8105.34, 8423.29, 8729.45, 9024.27, 9348.31, 9580.88, 9926.99, 10223.4, 10562.51, 10861.67, 11196.21, 11534.08, 11792.28, 12159.08, 12527.02, 12873.31, 13149.93, 13541.95, 13818.5, 14231.36, 14312.2, 14606.8, 14775.5, 15127.62, 15536.62, 15917.25, 16305.0, 15985.0, 16418.0, 16854.5, 17196.0, 17589.0]","[500.0, 500.57, 564.83, 877.02, 1223.27, 1575.21, 1881.72, 2241.57, 2627.92, 3001.55, 3361.63, 3760.89, 4138.33, 4517.77, 4939.95, 5362.56, 5782.64, 6207.48, 6613.93, 7008.21, 7426.82, 7823.78, 8238.75, 8666.36, 9117.58, 9547.88, 9963.54, 10383.76, 10757.32, 11172.25, 11497.48, 11938.61, 12336.85, 12723.34, 13125.41, 13486.98, 13894.57, 14364.52, 14844.48, 15277.02, 15721.97, 16259.39, 16419.45, 16843.44, 17058.64, 17151.9, 17519.8, 17933.25, 18249.25, 18667.12, 19080.0, 19421.5, 18060.0, 18357.5, 18840.5, 19054.5, 19265.0]"
AFS,"[0.0, 34.73, 38.17, 117.6, 140.7, 64.9, 87.5, 88.0, 185.57, 174.4, 136.8, 152.97, 319.0, 399.7, 334.53, 450.87, 574.0, 742.07, 840.2, 1101.87, 1130.83, 1185.23, 1447.53, 1832.1, 2141.23, 2026.6, 2182.13, 1500.39, 1009.37, 1622.0, 1191.67, 2001.87, 954.09, 1498.76, 1093.5, 510.67, 2240.75, 2484.56, 1336.5, 3508.31, 4630.38, 2941.14, -2073.8, -2644.6, -2514.25, -952.67, -421.33, -65.0, 94.33, 2302.33, 6455.0, 6161.0]",Blue,"[60, 60, 60, 60, 60, 60, 60, 60, 60, 60, 60, 60, 60, 60, 60, 60, 60, 60, 60, 60, 60, 60, 60, 60, 60, 60, 59, 55, 52, 51, 46, 45, 42, 40, 35, 33, 30, 27, 24, 22, 16, 14, 11, 9, 7, 5, 5, 4, 4, 4, 2, 2, 1, 1, 1, 1, 1]","[500.0, 501.42, 517.2, 831.67, 1180.58, 1503.23, 1836.97, 2167.25, 2509.02, 2842.12, 3180.7, 3555.47, 3909.18, 4294.87, 4702.0, 5078.65, 5478.72, 5886.6, 6289.8, 6700.87, 7108.1, 7497.15, 7931.87, 8349.57, 8799.82, 9262.95, 9672.05, 10112.18, 10441.35, 10906.47, 11255.13, 11763.56, 12179.36, 12660.85, 12888.09, 13346.3, 13945.53, 14436.89, 14695.67, 15348.59, 15757.06, 16154.0, 16226.36, 16536.56, 17157.86, 17949.2, 18366.8, 18706.75, 19086.25, 19535.5, 20003.0, 20245.0, 19815.0, 20019.0, 20557.0, 20680.0, 21127.0]","[500.0, 507.25, 618.88, 987.13, 1348.9, 1647.47, 1917.22, 2244.95, 2569.92, 2889.58, 3202.32, 3512.55, 3829.5, 4161.75, 4484.95, 4821.68, 5173.37, 5488.8, 5820.28, 6198.73, 6529.1, 6880.27, 7220.3, 7551.82, 7903.03, 8226.68, 8566.78, 8881.35, 9121.62, 9516.94, 9698.46, 10123.62, 10324.71, 10689.3, 10914.09, 11331.79, 11712.17, 12039.59, 12376.75, 12881.95, 13190.44, 13516.21, 13442.45, 13554.11, 14128.57, 14295.0, 14568.8, 14647.5, 15023.5, 15526.75, 16268.5, 16703.0, 16924.0, 17234.0, 17678.0, 17973.0, 18529.0]","[500.0, 500.42, 561.75, 873.37, 1220.07, 1562.68, 1870.45, 2233.0, 2618.93, 3001.48, 3360.28, 3765.62, 4134.2, 4519.3, 4931.98, 5371.38, 5782.43, 6207.33, 6621.5, 7035.27, 7459.67, 7876.55, 8307.57, 8738.08, 9210.45, 9622.8, 10082.22, 10539.04, 10907.88, 11350.06, 11609.54, 12101.38, 12365.76, 12747.28, 13109.6, 13486.91, 13897.17, 14463.44, 14737.75, 15304.05, 15733.56, 16344.86, 16317.73, 16505.44, 16748.29, 17189.8, 17555.8, 18341.5, 18664.75, 19231.25, 20523.5, 20782.5, 20441.0, 20564.0, 21184.0, 21465.0, 21765.0]"
AFS,"[0.0, -16.3, -16.6, 0.8, 53.0, 104.77, 180.2, 220.37, 243.83, 343.13, 323.0, 399.23, 354.0, 309.97, 307.7, 245.5, 42.17, -133.7, -133.33, -40.0, 7.33, 250.13, 240.0, 48.03, -50.87, -162.47, -70.28, 1319.11, 1031.96, 1311.72, 885.64, 1558.5, 515.9, 257.63, -1204.82, 323.73, -438.93, 1038.91, -201.1, 877.89, -611.88, 1485.14, -1228.33, -3225.0, -1425.0, 921.0, 1228.0, 5094.0, 5537.0, 4475.0, 4385.0, 4374.0, 4144.0, 2366.0, 2596.0, 2285.0, 3549.0]",Red,"[60, 60, 60, 60, 60, 60, 60, 60, 60, 60, 60, 60, 60, 60, 60, 60, 60, 60, 60, 60, 60, 60, 60, 60, 60, 60, 59, 55, 52, 51, 46, 45, 42, 40, 35, 33, 30, 27, 24, 22, 16, 14, 11, 9, 7, 5, 5, 4, 4, 4, 2, 2, 1, 1, 1, 1, 1]","[500.0, 500.55, 510.58, 820.15, 1147.98, 1498.9, 1792.57, 2127.9, 2457.52, 2779.5, 3161.95, 3513.92, 3873.35, 4243.75, 4634.07, 5006.0, 5432.73, 5792.78, 6173.72, 6551.35, 6938.83, 7302.1, 7703.88, 8088.07, 8524.4, 8985.38, 9419.86, 9800.69, 10261.04, 10664.04, 10974.59, 11333.49, 11825.17, 12190.3, 12618.63, 13014.79, 13330.3, 13697.0, 14215.54, 14433.95, 15143.19, 15595.57, 16481.55, 16775.78, 16894.0, 17397.2, 17697.6, 17631.0, 17943.0, 18208.25, 20113.0, 20437.5, 21793.0, 22317.0, 22792.0, 23228.0, 23452.0]","[500.0, 506.67, 610.67, 966.35, 1297.22, 1612.57, 1886.15, 2191.05, 2500.25, 2799.88, 3119.72, 3408.23, 3693.43, 4032.72, 4380.1, 4691.53, 5032.93, 5359.33, 5685.02, 5990.17, 6323.58, 6644.82, 6952.52, 7280.93, 7649.08, 7984.0, 8279.8, 8577.56, 8926.92, 9179.69, 9463.3, 9730.36, 10122.1, 10435.72, 10809.26, 11060.64, 11356.0, 11544.96, 11941.42, 12172.09, 12556.19, 12783.64, 13641.45, 14082.89, 14334.14, 14329.4, 14644.8, 14903.5, 15231.75, 15546.5, 15566.0, 15907.0, 15046.0, 15602.0, 16031.0, 16419.0, 16649.0]","[500.0, 500.72, 567.9, 880.68, 1226.47, 1587.73, 1892.98, 2250.13, 2636.9, 3001.62, 3362.98, 3756.17, 4142.47, 4516.23, 4947.92, 5353.73, 5782.85, 6207.62, 6606.37, 6981.15, 7393.97, 7771.0, 8169.93, 8594.63, 9024.72, 9472.95, 9844.86, 10228.49, 10606.75, 10994.43, 11385.41, 11775.84, 12307.93, 12699.4, 13141.23, 13487.06, 13891.97, 14265.59, 14951.21, 15250.0, 15710.38, 16173.93, 16521.18, 17181.44, 17369.0, 17114.0, 17483.8, 17525.0, 17833.75, 18103.0, 17636.5, 18060.5, 15679.0, 16151.0, 16497.0, 16644.0, 16765.0]"
SSG,"[0.0, -0.2, 9.58, -12.18, 3.8, 57.95, 131.8, 88.25, 271.89, 161.31, 241.84, 205.84, 289.95, 331.64, 342.85, 496.58, 449.69, 507.8, 707.47, 949.98, 975.02, 1061.53, 1080.35, 1238.29, 1238.89, 1467.33, 1542.35, 1826.17, 1502.08, 1157.09, 1149.35, 925.55, 302.81, 1757.39, 857.11, 1082.23, 407.79, 485.81, 607.29, 874.65, 919.29, 678.93, -424.38, 82.27, 142.2, 2743.5, 2870.67, 2466.33, 3960.4, 3914.8, 3778.5, 3714.75, 4311.0, 3411.0, 4215.67, 4206.0, 3630.67, 3610.5, 2685.0, 2724.0, 6582.0]",Both,"[55, 55, 55, 55, 55, 55, 55, 55, 55, 55, 55, 55, 55, 55, 55, 55, 55, 55, 55, 55, 55, 55, 55, 55, 55, 55, 54, 52, 50, 46, 43, 40, 37, 33, 28, 26, 24, 21, 17, 17, 17, 14, 13, 11, 10, 6, 6, 6, 5, 5, 4, 4, 4, 3, 3, 3, 3, 2, 2, 1, 1]","[500.0, 500.18, 513.06, 831.77, 1164.62, 1507.09, 1820.93, 2167.52, 2507.41, 2819.96, 3187.18, 3563.66, 3921.71, 4311.17, 4689.32, 5068.84, 5467.02, 5862.0, 6252.53, 6651.68, 7047.15, 7437.63, 7854.03, 8266.0, 8682.59, 9141.55, 9587.77, 10013.17, 10431.74, 10861.32, 11294.13, 11724.18, 12115.16, 12454.68, 12831.75, 13233.75, 13668.15, 14051.76, 14461.94, 14851.82, 15199.91, 15524.04, 15925.81, 16371.23, 16695.45, 16898.92, 17306.92, 17570.58, 18003.6, 18281.4, 18805.0, 19192.5, 19457.38, 19695.0, 20009.0, 20257.0, 20521.67, 20465.5, 20722.75, 21430.0, 21874.5]","[500.0, 500.0, 599.98, 950.57, 1292.84, 1586.21, 1854.27, 2150.88, 2473.55, 2790.38, 3110.9, 3426.38, 3729.36, 4055.37, 4371.61, 4732.61, 5081.09, 5394.33, 5734.33, 6088.53, 6395.28, 6726.4, 7066.17, 7391.22, 7706.35, 8051.0, 8376.01, 8696.8, 9036.77, 9355.78, 9706.59, 10016.55, 10311.43, 10627.88, 10985.16, 11351.15, 11696.85, 11961.62, 12241.94, 12551.53, 12887.21, 13245.39, 13662.58, 13908.91, 14252.0, 14592.75, 15038.33, 15330.83, 15571.1, 15877.8, 16398.25, 16867.12, 17289.62, 17805.33, 18141.33, 18453.17, 18706.33, 18332.25, 18605.75, 18943.5, 19452.5]","[500.0, 500.57, 564.83, 877.02, 1223.27, 1575.21, 1881.72, 2241.57, 2627.92, 3001.55, 3361.63, 3760.89, 4138.33, 4517.77, 4939.95, 5362.56, 5782.64, 6207.48, 6613.93, 7008.21, 7426.82, 7823.78, 8238.75, 8666.36, 9117.58, 9547.88, 9963.54, 10383.76, 10757.32, 11172.25, 11497.48, 11938.61, 12336.85, 12723.34, 13125.41, 13486.98, 13894.57, 14364.52, 14844.48, 15277.02, 15721.97, 16259.39, 16419.45, 16843.44, 17058.64, 17151.9, 17519.8, 17933.25, 18249.25, 18667.12, 19080.0, 19421.5, 18060.0, 18357.5, 18840.5, 19054.5, 19265.0]"
SSG,"[0.0, -0.29, 18.61, 34.64, 65.29, 125.46, 286.82, 177.89, 355.29, 210.25, 305.57, 256.11, 406.39, 459.57, 584.14, 654.64, 748.61, 926.43, 1158.5, 1576.21, 1656.57, 1813.39, 2024.0, 2231.71, 2420.64, 2759.64, 2582.0, 2961.81, 2005.92, 2278.87, 1431.9, 828.65, -701.44, 818.88, -208.13, 302.69, -704.0, 192.4, -396.17, -138.83, 433.17, -1424.8, -1136.0, -751.6, -1586.8, 3818.67, 3220.0, 2905.33, 5564.5, 5552.5, 5420.0, 4717.5, 5331.5, 4084.0, 4653.0, 4777.0, 3971.0, 3350.0, 2974.0, 2724.0, 6582.0]",Blue,"[55, 55, 55, 55, 55, 55, 55, 55, 55, 55, 55, 55, 55, 55, 55, 55, 55, 55, 55, 55, 55, 55, 55, 55, 55, 55, 54, 52, 50, 46, 43, 40, 37, 33, 28, 26, 24, 21, 17, 17, 17, 14, 13, 11, 10, 6, 6, 6, 5, 5, 4, 4, 4, 3, 3, 3, 3, 2, 2, 1, 1]","[500.0, 500.18, 515.84, 836.75, 1162.25, 1506.13, 1837.22, 2180.22, 2524.53, 2837.89, 3224.07, 3599.51, 3961.85, 4360.87, 4763.51, 5143.44, 5547.42, 5947.71, 6368.49, 6782.82, 7170.49, 7577.29, 8013.6, 8440.76, 8865.29, 9352.87, 9799.81, 10270.1, 10647.7, 11026.72, 11515.3, 11943.78, 12269.95, 12730.15, 13067.79, 13395.92, 13782.33, 14198.9, 14600.18, 14990.76, 15344.24, 15530.79, 15771.92, 16226.18, 16607.6, 16874.0, 17285.17, 17553.5, 18165.0, 18465.4, 19237.0, 19528.75, 19821.0, 19773.67, 20079.33, 20270.33, 20470.33, 20977.5, 21134.5, 19475.0, 20146.0]","[500.0, 500.0, 602.91, 952.73, 1303.45, 1603.05, 1871.0, 2165.35, 2513.67, 2814.78, 3144.96, 3469.24, 3779.67, 4099.22, 4411.47, 4799.09, 5144.75, 5476.13, 5821.73, 6207.45, 6518.75, 6851.91, 7194.98, 7541.15, 7858.47, 8238.27, 8549.26, 8887.69, 9201.52, 9489.37, 9828.49, 10072.65, 10309.97, 10775.55, 11056.0, 11446.73, 11683.71, 11956.14, 12247.06, 12592.06, 12909.47, 13311.5, 13652.38, 14019.64, 14423.8, 14903.0, 15341.17, 15607.0, 15949.0, 16258.2, 16804.75, 17300.25, 17857.75, 18186.67, 18610.67, 18931.33, 19132.67, 19112.5, 19337.5, 19371.0, 20151.0]","[500.0, 500.0, 568.98, 879.33, 1238.95, 1583.55, 1920.53, 2267.05, 2685.25, 3064.31, 3435.95, 3845.76, 4221.6, 4591.38, 4992.47, 5412.91, 5805.69, 6223.09, 6661.24, 7097.09, 7502.29, 7936.84, 8335.56, 8782.44, 9226.73, 9656.02, 10094.02, 10578.9, 10937.32, 11326.35, 11728.51, 12089.78, 12445.35, 12989.91, 13231.54, 13781.69, 14098.25, 14519.29, 14985.59, 15389.0, 15902.59, 16387.36, 16637.54, 17168.36, 17709.1, 18979.33, 19535.83, 19985.83, 20137.8, 20531.4, 20853.0, 21364.75, 21823.5, 22971.33, 23490.0, 23871.67, 24383.33, 24176.5, 24394.5, 24701.0, 26151.0]"
SSG,"[0.0, -0.11, 0.22, -60.74, -59.96, -12.07, -28.96, -4.7, 185.41, 110.56, 175.74, 153.7, 169.19, 198.96, 92.63, 332.67, 139.7, 73.67, 239.74, 300.56, 268.22, 281.81, 101.74, 208.07, 13.37, 127.15, 502.7, 599.68, 998.24, 35.3, 879.64, 1022.45, 1254.21, 2754.56, 2086.23, 1861.77, 1348.54, 752.55, 1154.64, 1427.45, 1184.45, 1847.67, 20.38, 777.17, 1871.2, 1668.33, 2521.33, 2027.33, 2891.0, 2823.0, 2137.0, 2712.0, 3290.5, 3074.5, 3997.0, 3920.5, 3460.5, 3871.0, 2396.0]",Red,"[55, 55, 55, 55, 55, 55, 55, 55, 55, 55, 55, 55, 55, 55, 55, 55, 55, 55, 55, 55, 55, 55, 55, 55, 55, 55, 54, 52, 50, 46, 43, 40, 37, 33, 28, 26, 24, 21, 17, 17, 17, 14, 13, 11, 10, 6, 6, 6, 5, 5, 4, 4, 4, 3, 3, 3, 3, 2, 2, 1, 1]","[500.0, 500.18, 510.29, 826.8, 1166.98, 1508.05, 1804.64, 2154.82, 2490.29, 2802.04, 3150.29, 3527.82, 3881.56, 4261.47, 4615.13, 4994.24, 5386.62, 5776.29, 6136.56, 6520.55, 6923.8, 7297.96, 7694.45, 8091.24, 8499.89, 8930.22, 9375.72, 9756.25, 10215.78, 10695.91, 11072.95, 11504.58, 11960.38, 12179.21, 12595.71, 13071.58, 13553.96, 13904.62, 14323.71, 14712.88, 15055.59, 15517.29, 16079.69, 16516.27, 16783.3, 16923.83, 17328.67, 17587.67, 17842.2, 18097.4, 18373.0, 18856.25, 19093.75, 19616.33, 19938.67, 20243.67, 20573.0, 19953.5, 20311.0, 23385.0, 23603.0]","[500.0, 500.0, 597.05, 948.42, 1282.22, 1569.36, 1837.55, 2136.42, 2433.42, 2765.98, 3076.84, 3383.53, 3679.05, 4011.53, 4331.75, 4666.13, 5017.44, 5312.53, 5646.93, 5969.6, 6271.82, 6600.89, 6937.36, 7241.29, 7554.24, 7863.73, 8202.76, 8505.9, 8872.02, 9222.2, 9584.7, 9960.45, 10312.89, 10480.21, 10914.32, 11255.58, 11710.0, 11967.1, 12236.82, 12511.0, 12864.94, 13179.29, 13672.77, 13798.18, 14080.2, 14282.5, 14735.5, 15054.67, 15193.2, 15497.4, 15991.75, 16434.0, 16721.5, 17424.0, 17672.0, 17975.0, 18280.0, 17552.0, 17874.0, 18516.0, 18754.0]","[500.0, 500.0, 569.6, 900.25, 1230.71, 1593.09, 1905.53, 2271.15, 2640.55, 3055.18, 3424.09, 3834.78, 4196.24, 4572.09, 5002.11, 5412.93, 5826.35, 6254.58, 6660.73, 7030.35, 7442.91, 7818.76, 8237.56, 8621.47, 9060.6, 9465.25, 9859.7, 10219.83, 10695.8, 11129.33, 11601.49, 12037.6, 12513.92, 12832.58, 13365.46, 13689.08, 14190.12, 14699.76, 15154.47, 15514.0, 15907.29, 16278.07, 16712.92, 17099.91, 17525.5, 17263.33, 17749.17, 18259.83, 18781.8, 19227.4, 19780.25, 20312.25, 20722.0, 21437.0, 21746.33, 22117.33, 22480.0, 23827.5, 24348.0, 22836.0, 23259.0]"
BBQ,"[0.0, 11.8, 29.22, 37.13, 59.89, 38.8, 17.56, 96.0, 144.11, 71.58, 187.82, 324.2, 377.33, 521.56, 492.8, 659.89, 639.33, 560.11, 653.2, 812.67, 954.04, 923.13, 1109.73, 997.18, 1008.56, 1377.95, 2054.86, 2212.78, 2549.93, 1840.34, 1906.63, 1125.81, 755.75, 2078.12, 2233.56, 2792.48, 2385.41, 2135.25, 979.42, 2737.55, 3114.22, 2162.75, -662.5, 2770.4, 1926.25, 1408.25, 1459.25, 3392.0, 4193.0, 3842.67, 3912.67, 4320.33, 4382.33, 9.0, 317.5, 256.0, 2221.0]",Both,"[45, 45, 45, 45, 45, 45, 45, 45, 45, 45, 45, 45, 45, 45, 45, 45, 45, 45, 45, 45, 45, 45, 45, 45, 45, 44, 43, 41, 41, 38, 35, 31, 28, 25, 25, 23, 22, 16, 12, 11, 9, 8, 6, 5, 4, 4, 4, 4, 3, 3, 3, 3, 3, 2, 2, 2, 2]","[500.0, 500.56, 518.19, 811.63, 1136.61, 1469.24, 1766.74, 2097.68, 2443.24, 2770.29, 3134.43, 3500.43, 3848.27, 4234.33, 4656.79, 5026.39, 5413.58, 5817.59, 6216.68, 6619.88, 7018.88, 7384.84, 7808.6, 8239.67, 8654.43, 9069.95, 9521.5, 9929.2, 10367.24, 10739.95, 11151.17, 11537.19, 11917.45, 12321.54, 12707.0, 13108.96, 13439.27, 13609.88, 14110.38, 14489.45, 14590.5, 14878.44, 15256.83, 15643.0, 15788.75, 16074.38, 16323.25, 16843.0, 17336.17, 17636.17, 17924.83, 18244.67, 18660.5, 19372.25, 19805.75, 20083.25, 20562.75]","[500.0, 504.67, 602.53, 974.14, 1321.43, 1629.69, 1913.54, 2198.9, 2509.17, 2827.77, 3158.27, 3464.01, 3769.77, 4096.3, 4461.06, 4790.23, 5131.57, 5484.22, 5822.81, 6165.28, 6505.89, 6808.41, 7155.42, 7470.7, 7803.44, 8125.9, 8443.08, 8746.46, 9070.27, 9421.58, 9692.06, 10012.34, 10271.11, 10578.14, 10885.08, 11196.63, 11473.45, 11844.84, 12276.12, 12561.05, 12955.89, 13223.62, 13716.5, 13900.1, 13934.75, 14231.88, 14491.88, 14930.12, 15245.83, 15555.33, 15842.83, 16162.83, 16426.17, 16951.5, 17356.25, 17726.0, 18119.5]","[500.0, 500.0, 569.07, 879.5, 1221.78, 1566.87, 1894.77, 2239.56, 2613.57, 2995.48, 3370.4, 3782.83, 4174.51, 4560.96, 4986.08, 5397.48, 5802.77, 6244.98, 6629.08, 7038.74, 7456.02, 7816.53, 8265.87, 8689.67, 9102.31, 9525.76, 9943.91, 10326.37, 10752.32, 11173.17, 11620.36, 12028.06, 12426.39, 12829.58, 13226.4, 13678.26, 14073.02, 14424.59, 15084.54, 15509.82, 15977.22, 16366.19, 16567.25, 17017.8, 17070.12, 17453.12, 17766.88, 18207.0, 18631.33, 19004.17, 19381.83, 19846.5, 20334.0, 20440.75, 20929.5, 21255.75, 21600.0]"
BBQ,"[0.0, -0.15, 18.4, -4.5, -14.55, -26.75, -57.55, 1.55, 68.7, 9.65, 172.15, 268.3, 158.55, 395.8, 358.55, 347.05, 427.15, 27.85, 88.35, 49.65, 98.8, -147.95, -140.2, -537.1, -553.05, 71.26, 807.39, 886.56, 1046.56, -939.62, -360.87, -1930.93, -1720.0, -1143.91, -1398.64, -943.8, -1386.0, -686.0, -351.88, 1711.14, 3597.67, 2059.2, -1237.25, 3222.67, 2772.67, 1940.0, 1615.0, 3289.67, 3570.0, 2899.5, 2524.5, 2687.5, 2026.5, 9.0, 317.5, 256.0, 2221.0]",Blue,"[45, 45, 45, 45, 45, 45, 45, 45, 45, 45, 45, 45, 45, 45, 45, 45, 45, 45, 45, 45, 45, 45, 45, 45, 45, 44, 43, 41, 41, 38, 35, 31, 28, 25, 25, 23, 22, 16, 12, 11, 9, 8, 6, 5, 4, 4, 4, 4, 3, 3, 3, 3, 3, 2, 2, 2, 2]","[500.0, 501.11, 520.44, 827.0, 1156.44, 1477.04, 1782.2, 2119.33, 2469.44, 2793.36, 3166.62, 3544.33, 3910.84, 4316.56, 4754.64, 5142.07, 5533.87, 5929.13, 6349.31, 6783.07, 7199.73, 7571.07, 8045.2, 8446.2, 8877.13, 9320.89, 9864.3, 10259.32, 10741.17, 10987.18, 11401.86, 11735.1, 12055.54, 12567.04, 12985.76, 13429.96, 13736.32, 13951.94, 14275.33, 14876.09, 14842.44, 14923.0, 14923.83, 15611.6, 15699.5, 15925.5, 16170.75, 16816.5, 17121.33, 17307.0, 17545.67, 17834.33, 18262.33, 17876.5, 18370.0, 18570.5, 19281.5]","[500.0, 509.11, 605.64, 990.22, 1332.69, 1651.38, 1914.91, 2214.96, 2560.38, 2855.13, 3197.87, 3548.76, 3871.96, 4210.93, 4582.51, 4906.27, 5249.33, 5586.78, 5929.42, 6290.49, 6657.56, 6959.8, 7302.89, 7613.4, 7949.53, 8326.39, 8725.79, 9051.37, 9409.8, 9709.29, 9993.11, 10253.94, 10463.61, 10908.32, 11214.88, 11572.74, 11765.18, 12146.38, 12546.08, 12975.82, 13451.11, 13559.12, 13588.5, 14111.2, 14083.5, 14279.0, 14585.25, 15177.0, 15545.0, 15917.33, 16228.67, 16659.67, 16966.67, 17445.5, 17895.0, 18282.5, 18796.5]","[500.0, 500.0, 567.71, 864.18, 1204.29, 1545.67, 1876.98, 2228.29, 2602.09, 2973.51, 3366.6, 3780.22, 4165.87, 4572.53, 4975.84, 5420.93, 5814.89, 6251.44, 6642.84, 7057.44, 7477.71, 7825.6, 8272.11, 8706.36, 9117.04, 9577.02, 10063.02, 10435.34, 10888.98, 11254.29, 11693.77, 11994.19, 12368.96, 12985.2, 13391.88, 13921.7, 14304.32, 14569.38, 15012.0, 15484.64, 16103.11, 16481.88, 16365.5, 17400.0, 17505.75, 17814.25, 18168.75, 18707.75, 19727.33, 20032.33, 20467.67, 20933.0, 21400.33, 21922.5, 22515.5, 22839.0, 23376.0]"
BBQ,"[0.0, 21.36, 37.88, 70.44, 119.44, 91.24, 77.64, 171.56, 204.44, 121.12, 200.36, 368.92, 552.36, 622.16, 600.2, 910.16, 809.08, 985.92, 1105.08, 1423.08, 1638.24, 1780.0, 2109.68, 2224.6, 2257.84, 2371.04, 2953.04, 3250.7, 3726.48, 3862.14, 3607.25, 3643.12, 2901.4, 4609.71, 5087.43, 5666.54, 5528.25, 5762.57, 3642.0, 4533.75, 2147.33, 2335.33, 487.0, 2092.0, -613.0, -187.0, 992.0, 3699.0, 5439.0, 5729.0, 6689.0, 7586.0, 9094.0]",Red,"[45, 45, 45, 45, 45, 45, 45, 45, 45, 45, 45, 45, 45, 45, 45, 45, 45, 45, 45, 45, 45, 45, 45, 45, 45, 44, 43, 41, 41, 38, 35, 31, 28, 25, 25, 23, 22, 16, 12, 11, 9, 8, 6, 5, 4, 4, 4, 4, 3, 3, 3, 3, 3, 2, 2, 2, 2]","[500.0, 500.0, 515.93, 796.27, 1116.78, 1461.44, 1751.29, 2076.02, 2417.04, 2747.22, 3102.24, 3456.53, 3785.69, 4152.11, 4558.93, 4910.71, 5293.29, 5706.04, 6084.04, 6456.69, 6838.02, 7198.62, 7572.0, 8033.13, 8431.73, 8819.02, 9178.7, 9599.07, 9993.32, 10492.71, 10900.49, 11339.29, 11779.36, 12076.04, 12428.24, 12787.96, 13142.23, 13267.81, 13945.42, 14102.82, 14338.56, 14833.88, 15589.83, 15674.4, 15878.0, 16223.25, 16475.75, 16869.5, 17551.0, 17965.33, 18304.0, 18655.0, 19058.67, 20868.0, 21241.5, 21596.0, 21844.0]","[500.0, 500.22, 599.42, 958.07, 1310.18, 1608.0, 1912.18, 2182.84, 2457.96, 2800.4, 3118.67, 3379.27, 3667.58, 3981.67, 4339.6, 4674.2, 5013.8, 5381.67, 5716.2, 6040.07, 6354.22, 6657.02, 7007.96, 7328.0, 7657.36, 7925.41, 8160.37, 8441.56, 8730.73, 9133.87, 9391.0, 9770.74, 10078.61, 10247.96, 10555.28, 10820.52, 11181.73, 11543.31, 12006.17, 12146.27, 12460.67, 12888.12, 13844.5, 13689.0, 13786.0, 14184.75, 14398.5, 14683.25, 14946.67, 15193.33, 15457.0, 15666.0, 15885.67, 16457.5, 16817.5, 17169.5, 17442.5]","[500.0, 500.0, 570.42, 894.82, 1239.27, 1588.07, 1912.56, 2250.82, 2625.04, 3017.44, 3374.2, 3785.44, 4183.16, 4549.38, 4996.31, 5374.02, 5790.64, 6238.51, 6615.31, 7020.04, 7434.33, 7807.47, 8259.62, 8672.98, 9087.58, 9474.5, 9824.79, 10217.39, 10615.66, 11092.05, 11546.94, 12061.94, 12483.82, 12673.96, 13060.92, 13434.83, 13841.73, 14279.81, 15157.08, 15535.0, 15851.33, 16250.5, 16769.0, 16635.6, 16634.5, 17092.0, 17365.0, 17706.25, 17535.33, 17976.0, 18296.0, 18760.0, 19267.67, 18959.0, 19343.5, 19672.5, 19824.0]"
ROX,"[0.0, 11.2, 12.64, 42.18, 97.2, 82.5, 76.43, 150.0, 192.55, 157.27, 148.61, 247.32, 332.05, 323.86, 307.75, 172.57, 286.25, 367.41, 226.75, 429.89, 446.48, 501.95, 547.48, 650.09, 539.26, 651.35, 966.49, 1549.22, 1243.74, 350.69, 676.74, -600.81, -759.57, -1332.03, -813.93, -727.0, -997.62, -1060.55, -336.11, 448.83, -727.54, -555.7, -3932.75, -3940.62, -3937.12, -4184.43, -4229.71, -3785.14, -1011.83, 109.5, 537.6, -549.0, -3108.33, -10643.0, -11138.0, -11197.0]",Both,"[44, 44, 44, 44, 44, 44, 44, 44, 44, 44, 44, 44, 44, 44, 44, 44, 44, 44, 44, 44, 44, 44, 44, 44, 43, 43, 41, 40, 38, 35, 34, 31, 30, 29, 27, 26, 24, 22, 19, 18, 13, 10, 8, 8, 8, 7, 7, 7, 6, 6, 5, 4, 3, 1, 1, 1]","[500.0, 500.28, 514.64, 826.45, 1154.03, 1495.41, 1802.09, 2152.06, 2482.31, 2810.61, 3163.19, 3518.97, 3872.42, 4257.02, 4651.23, 5027.91, 5444.41, 5824.58, 6205.45, 6621.23, 7006.25, 7390.24, 7807.0, 8215.93, 8676.67, 9118.64, 9555.22, 9989.0, 10404.36, 10811.23, 11184.1, 11587.34, 12008.32, 12451.07, 12886.98, 13265.35, 13637.19, 13974.8, 14492.92, 14864.22, 15144.23, 15771.85, 16260.75, 16565.5, 16928.88, 17574.07, 17927.86, 18352.0, 18587.58, 18936.92, 19008.4, 18973.0, 19064.33, 20721.5, 21115.5, 21364.0]","[500.0, 500.28, 602.47, 964.28, 1295.89, 1603.66, 1884.76, 2177.43, 2483.06, 2816.82, 3133.55, 3427.27, 3729.53, 4056.7, 4404.44, 4761.22, 5108.42, 5415.65, 5753.3, 6073.24, 6406.51, 6718.49, 7048.97, 7357.03, 7714.53, 8058.79, 8369.48, 8689.26, 9029.78, 9313.14, 9641.47, 9953.26, 10306.18, 10601.52, 10930.96, 11227.81, 11569.29, 11918.75, 12202.89, 12541.92, 12880.31, 13171.9, 13486.69, 13866.19, 14197.81, 14473.86, 14806.71, 15169.07, 15577.75, 15899.67, 16148.8, 16261.12, 16437.0, 15764.0, 16122.0, 16467.0]","[500.0, 500.4, 571.15, 886.1, 1223.25, 1575.66, 1886.01, 2235.74, 2626.51, 3031.19, 3420.73, 3824.77, 4224.48, 4612.56, 5053.86, 5484.7, 5886.48, 6297.53, 6699.14, 7092.08, 7499.03, 7886.65, 8325.26, 8741.14, 9184.62, 9607.95, 9989.09, 10438.1, 10864.01, 11268.43, 11674.82, 12088.48, 12557.35, 12949.0, 13353.2, 13814.75, 14184.77, 14562.32, 15137.92, 15562.81, 15987.65, 16457.8, 16592.94, 17103.94, 17531.62, 17660.93, 18038.43, 18569.71, 19043.42, 19466.42, 20118.0, 20929.38, 21442.17, 19737.0, 20136.0, 20413.5]"
ROX,"[0.0, -0.5, -3.55, -46.27, 16.86, -115.82, -144.5, -98.82, -125.59, -262.91, -370.41, -371.41, -446.09, -730.27, -795.05, -1197.23, -1370.05, -1467.82, -1602.09, -1459.18, -1419.0, -1431.86, -1632.0, -1687.77, -2264.43, -2065.48, -1551.35, -980.11, -1573.94, -2487.12, -1962.0, -3061.13, -3658.86, -3438.43, -3293.54, -3777.0, -3507.67, -4381.6, -3382.5, -2600.71, -3543.0, -3101.0, -4664.0, -5394.75, -5382.75, -5609.75, -6079.0, -6150.5, -2462.67, -1184.0, -1399.0, -1027.5, -749.5, -10643.0, -11138.0, -11197.0]",Blue,"[44, 44, 44, 44, 44, 44, 44, 44, 44, 44, 44, 44, 44, 44, 44, 44, 44, 44, 44, 44, 44, 44, 44, 44, 43, 43, 41, 40, 38, 35, 34, 31, 30, 29, 27, 26, 24, 22, 19, 18, 13, 10, 8, 8, 8, 7, 7, 7, 6, 6, 5, 4, 3, 1, 1, 1]","[500.0, 500.57, 515.98, 844.39, 1166.8, 1501.5, 1794.68, 2168.7, 2500.0, 2831.25, 3181.68, 3545.93, 3921.61, 4303.48, 4733.16, 5097.59, 5551.64, 5939.43, 6291.7, 6733.84, 7097.89, 7524.66, 7934.45, 8347.02, 8797.98, 9237.16, 9711.9, 10214.88, 10571.89, 10888.17, 11309.94, 11585.26, 12004.73, 12370.21, 12882.37, 13272.15, 13626.62, 14018.86, 14631.16, 15096.28, 15071.69, 15694.6, 15753.5, 16043.12, 16426.38, 17056.71, 17344.86, 17793.71, 18249.83, 18670.67, 19217.8, 18825.5, 18655.33, 19928.0, 20212.0, 20503.0]","[500.0, 500.57, 609.93, 981.66, 1325.45, 1629.2, 1910.7, 2191.3, 2513.36, 2846.75, 3155.25, 3462.84, 3778.77, 4109.09, 4457.32, 4796.8, 5150.98, 5465.05, 5798.32, 6148.5, 6484.43, 6792.93, 7136.82, 7456.59, 7790.67, 8150.47, 8469.17, 8832.78, 9141.92, 9353.37, 9719.21, 9895.81, 10249.6, 10474.21, 10842.56, 11152.35, 11461.5, 11802.73, 12196.89, 12608.0, 12755.62, 13190.7, 13054.38, 13414.75, 13694.75, 13839.29, 14204.0, 14595.43, 15074.0, 15519.0, 15621.8, 15643.0, 15565.67, 14274.0, 14450.0, 14787.0]","[500.0, 500.8, 567.41, 872.57, 1227.32, 1574.91, 1887.39, 2233.82, 2617.8, 3019.91, 3412.68, 3831.55, 4230.66, 4600.18, 5030.95, 5458.7, 5840.73, 6272.64, 6652.57, 7073.14, 7476.2, 7851.59, 8290.45, 8722.8, 9168.0, 9603.19, 10038.0, 10574.58, 10973.16, 11276.43, 11707.59, 11989.74, 12472.23, 12832.48, 13285.19, 13742.08, 14083.04, 14440.68, 15031.84, 15510.28, 15828.62, 16395.8, 16240.5, 16737.88, 17199.38, 17453.57, 17875.71, 18477.43, 19485.67, 20070.33, 20539.6, 21020.5, 21392.0, 19894.0, 20366.0, 20662.0]"
ROX,"[0.0, 22.91, 28.82, 130.64, 177.55, 280.82, 297.36, 398.82, 510.68, 577.45, 667.64, 866.05, 1110.18, 1378.0, 1410.55, 1542.36, 1942.55, 2202.64, 2055.59, 2318.95, 2311.95, 2435.77, 2726.95, 2987.95, 3215.5, 3244.68, 3364.43, 3837.67, 3779.65, 3030.83, 3022.28, 1705.75, 1777.31, 633.93, 1488.57, 2323.0, 1512.42, 1707.0, 1879.45, 2389.45, 1685.71, 1141.17, -3201.5, -2486.5, -2491.5, -2284.0, -1764.0, -631.33, 439.0, 1403.0, 1828.67, -70.5, -7826.0]",Red,"[44, 44, 44, 44, 44, 44, 44, 44, 44, 44, 44, 44, 44, 44, 44, 44, 44, 44, 44, 44, 44, 44, 44, 44, 43, 43, 41, 40, 38, 35, 34, 31, 30, 29, 27, 26, 24, 22, 19, 18, 13, 10, 8, 8, 8, 7, 7, 7, 6, 6, 5, 4, 3, 1, 1, 1]","[500.0, 500.0, 513.3, 808.52, 1141.27, 1489.32, 1809.5, 2135.41, 2464.61, 2789.98, 3144.7, 3492.0, 3823.23, 4210.57, 4569.3, 4958.23, 5337.18, 5709.73, 6119.2, 6508.61, 6914.61, 7255.82, 7679.55, 8084.84, 8555.37, 9000.12, 9398.54, 9763.12, 10236.82, 10734.29, 11058.26, 11589.42, 12011.9, 12531.93, 12891.59, 13258.54, 13647.75, 13930.73, 14354.68, 14632.17, 15216.77, 15849.1, 16768.0, 17087.88, 17431.38, 18091.43, 18510.86, 18910.29, 18925.33, 19203.17, 18799.0, 19120.5, 19473.33, 21515.0, 22019.0, 22225.0]","[500.0, 500.0, 595.0, 946.91, 1266.32, 1578.11, 1858.82, 2163.57, 2452.75, 2786.89, 3111.84, 3391.7, 3680.3, 4004.32, 4351.57, 4725.64, 5065.86, 5366.25, 5708.27, 5997.98, 6328.59, 6644.05, 6961.11, 7257.48, 7638.4, 7967.12, 8269.78, 8545.75, 8917.63, 9272.91, 9563.74, 10010.71, 10362.77, 10728.83, 11019.37, 11303.27, 11677.08, 12034.77, 12208.89, 12475.83, 13005.0, 13153.1, 13919.0, 14317.62, 14700.88, 15108.43, 15409.43, 15742.71, 16081.5, 16280.33, 16675.8, 16879.25, 17308.33, 17254.0, 17794.0, 18147.0]","[500.0, 500.0, 574.89, 899.64, 1219.18, 1576.41, 1884.64, 2237.66, 2635.23, 3042.48, 3428.77, 3818.0, 4218.3, 4624.93, 5076.77, 5510.7, 5932.23, 6322.43, 6745.7, 7111.02, 7521.86, 7921.7, 8360.07, 8759.48, 9201.23, 9612.72, 9940.17, 10301.62, 10754.87, 11260.43, 11642.06, 12187.23, 12642.47, 13065.52, 13421.22, 13887.42, 14286.5, 14683.95, 15244.0, 15615.33, 16146.69, 16519.8, 16945.38, 17470.0, 17863.88, 17868.29, 18201.14, 18662.0, 18601.17, 18862.5, 19696.4, 20838.25, 21492.33, 19580.0, 19906.0, 20165.0]"
